domain,evidence_status,observed_provider_rows,available_history,US_EU_coverage,active_delisted_coverage,corporate_actions,PIT_vs_latest,revisions_restatements,publication_time,request_bound,rate_limit,cost_access,license_usage,quality_tier,admission_status,validation_evidence,PIT_limit,quarantine_status,survivorship_limit,downstream_restriction,permitted_proxy,paid_remedy_candidate,needed_for_prototype
US macro,OBSERVED_RAW,FRED_ALFRED,Four monthly series2010-01..2023-11; DGS10/DGS2 nonmissing dates2010-01-04..2023-12-28,US only; no EU conclusion,N/A,N/A,Date-level realtime intervals observed,Multiple vintages retained; completeness and clipped chunk boundaries unverified,Exact release time absent,Observation/realtime bounded before send; yields split into2010-16 and2017-23 vintage windows below observed2000-date JSON cap,Rate limit not established,Authenticated access succeeded; no purchase,Per-series usage and redistribution unverified,NULL (unassigned),RAW_ONLY,reports/fred-development-audit-2026-09-13.md;reports/fred-yield-retry-2026-09-15.md,Date-level vintages do not establish intraday availability or complete macro basket; chunk stitching not admitted,Not run through canonical admission/quarantine,Not applicable to macro,Unavailable for model research until availability policy and admission validation,No admitted proxy,Institutional archive only if later evidence warrants,Required; current raw evidence is insufficient
EU macro,OBSERVED_RAW,FRED_ALFRED,One euro-area aggregate series 2010-01 through 2023-11,Euro-area aggregate only; not full EU,N/A,N/A,Date-level realtime intervals observed,362 rows for 167 periods; completeness and historical definition unverified,Exact release time absent,Observation and realtime ranges bounded to 2010-01-01 through 2023-12-31 before send and responses checked,Not established by probe,Authenticated access succeeded; no purchase,Per-series usage unverified,NULL (unassigned),RAW_ONLY,reports/fred-eu-development-audit-2026-09-13.md,No intraday time; geography units and historical membership unresolved,Not run through canonical admission/quarantine,Backcast geography and membership risk,Unavailable for model research until semantics and admission validation,No admitted proxy,Professional macro vintages only if later evidence warrants,Required; current one-series aggregate is insufficient
US OHLCV,OBSERVED_RAW_AND_FAILED_PATHS,EODHD_demo; Stooq,One EODHD demo symbol 2010-01-04 through 2023-12-29; Stooq yielded no data,One US active demo symbol only,Active sample only; delisted unverified,Not reconciled,Current provider history; historical correction-state PIT unverified,Unverified,Not observed,EODHD from/to and Stooq d1/d2 set before send; returned EODHD dates checked,Unverified,EODHD demo succeeded; Stooq path failed; no purchase,Exact usage rights not established,NULL (unassigned),RAW_ONLY,reports/eodhd-development-audit-2026-09-14.md; reports/provider-validation-2026-09-12.md,Provider-corrected history cannot be assumed to be an archived PIT snapshot,Not run through canonical admission/quarantine,Severe survivorship risk from one active demo symbol,Unavailable for broad model research; no equity panel or liquidity evidence,No admitted proxy,EODHD historical entitlement or another bounded provider after verification,Required; demo is insufficient
EU OHLCV,OBSERVED_ACCESS_FAILURE,EODHD_demo; Stooq,No usable data obtained,SAP.XETRA returned 403; SAP.DE Stooq path returned 404,Unverified,Unverified,Unavailable in tested paths,Unverified,Unverified,Bounds supplied before requests; no usable response,Unverified,No purchase; paid access not tested,Unverified,NULL (unassigned),UNAVAILABLE,reports/provider-validation-2026-09-12.md,No observations exist on which to assess PIT semantics,No rows available to quarantine,EU survivorship and primary-listing coverage unknown,Unavailable for model research,None established,Bounded historical EU provider with verified rights,Required; missing
FX,OBSERVED_RAW_AND_FAILED_PATHS,MNB; EODHD_demo,MNB one day2023-12-29 EUR/HUF and USD/HUF,MNB reference quote sample; EODHD EURHUF.FOREX403,Not applicable,Not applicable,Date-only reference quotes; historical correction state unverified,No vintage ledger observed,No time or timezone in response,Explicit startDate/endDate2023-12-29 before send; no redirects; response dates checked,Unverified,MNB no credential or purchase; paid access not tested,Unverified,NULL (unassigned),RAW_ONLY,reports/development-panel-audit-followup.md;reports/provider-validation-2026-09-12.md,No historical quote availability or correction policy established,Not run through canonical admission/quarantine,Not applicable,Unavailable for execution conversion pending admission,Prior-known reference rate only as unverified candidate,Bounded timestamped FX provider after verification,Required; sample insufficient
US fundamentals,OBSERVED_RAW,SEC_archive,2010 Q1 and 2023 Q4 filing indexes plus one original 2010 10-K,US filing samples only; no equity-universe coverage,Issuer history and delisted mapping not ingested,Not normalized,Original accession sample retained; canonical adapter unavailable,Parser restatement and amendment handling unverified,Raw ACCEPTANCE-DATETIME observed but timezone and dissemination equivalence unverified,Fixed quarter paths and original 2010 accession chosen before requests,Not validated,Public access succeeded; no purchase,Automated-access terms and embedded rights not fully validated,NULL (unassigned),RAW_ONLY,reports/sec-archive-audit-2026-09-14.md,Acceptance cannot yet serve as canonical available_at,Not run through canonical admission/quarantine,Security mapping and issuer-history survivorship unresolved,Unavailable for model research until adapter publication semantics and mapping validation,Dated original filings only after validation,Professional PIT fundamentals only if evidence later justifies it,Required for relevant eligibility and features; current samples insufficient
EU fundamentals,MISSING_DOMAIN_EVIDENCE,UNAVAILABLE,None obtained,No pan-EU dated filing panel,Unverified,Not applicable,No verified historical PIT source,No verified correction or restatement ledger,No verified publication ledger,No tested request-bound contract,Unverified,No purchase or tested access,Unverified,NULL (unassigned),UNAVAILABLE,reports/task-0-report.md; reports/provider-decision-matrix.md,Current normalized histories cannot be assigned historical availability,No rows available to quarantine,Issuer and delisted coverage unknown,Unavailable for model research,None established,Professional PIT source or verified issuer/OAM archive only if warranted,Required for relevant EU features; missing
Corporate actions,MISSING_DOMAIN_EVIDENCE,UNAVAILABLE,None obtained,No US or EU event ledger,Unverified,No observed actions,No verified announcement-known-at history,Corrections cancellations and terminal consideration unverified,No verified announcement or payment timestamp history,No tested request-bound contract,Unverified,No purchase or tested access,Unverified,NULL (unassigned),UNAVAILABLE,reports/task-0-report.md; reports/provider-decision-matrix.md,Effective dates alone would not establish when an action became known,No rows available to quarantine,Missing mergers spinoffs delistings and terminal economics create survivorship and return bias,Unavailable for return construction and action-aware validation,None established,Verified action vendor or dated issuer/exchange announcements,Required; missing
Historical universe/delistings,MISSING_DOMAIN_EVIDENCE,UNAVAILABLE,None obtained,No complete US and EU historical eligibility ledger,No active/delisted panel,Terminal actions unverified,No verified historical membership snapshots,Identifier corrections and membership revisions unverified,No verified membership-known-at timestamps,No tested request-bound contract,Unverified,No purchase or tested access,Unverified,NULL (unassigned),UNAVAILABLE,reports/task-0-report.md; reports/provider-decision-matrix.md,Reconstructed current membership cannot prove historical knowability,No rows available to quarantine,Primary unresolved survivorship blocker,Unavailable for cross-sectional and universe-based model research,None established,Verified historical listing and delisting source with terminal economics,Required; missing
Sector/index context,MISSING_DOMAIN_EVIDENCE,UNAVAILABLE,None obtained,No historical US or EU classification/component panel,Active/delisted classification coverage unknown,Not applicable,No verified dated context snapshots,Classification and component revisions unverified,Rebalance and publication timestamps unverified,No tested request-bound contract,Unverified,No purchase or tested entitlement,Historical file rights unverified,NULL (unassigned),UNAVAILABLE,reports/task-0-report.md; reports/provider-decision-matrix.md,Latest classifications cannot be projected backward,No rows available to quarantine,Latest-only components would introduce survivorship and composition bias,Unavailable for sector/index features,None established,Historical index-owner entitlement after verification,Needed only for selected context features; currently missing
Scheduled event calendars,MISSING_DOMAIN_EVIDENCE,UNAVAILABLE,BLS 2023 schedule documentation found; no 2010-2023 schedule-vintage dataset,No complete US/EU economic and issuer calendar,Not applicable,Not applicable,No preserved ex-ante schedule versions,Reschedules and cancellations unverified,Actual event time does not prove the earlier scheduled time,No tested data request contract,Unverified,No purchase; public/issuer/vendor access varies,Rights unverified,NULL (unassigned),UNAVAILABLE,reports/task-0-report.md; reports/provider-decision-matrix.md,Realized dates cannot be converted into ex-ante calendar features,No rows available to quarantine,Not applicable,Calendar-derived features remain structurally missing,None established,Vendor only if historical schedule vintages and rights are verified,Needed only for selected schedule features; currently missing
