name,domain,formula_transform,raw_source,lookback_sessions,availability_rule,normalization,applicability,missing_data_rule,quality_floor,producer,status,candidate_configuration,registry_version
return_5d_raw,price_trend,adjusted_close_t / adjusted_close_t_minus_5 - 1; raw,ohlcv.daily_bars; corporate_actions.events,6,next_eod_after_all_inputs_available,none,all_eligible_equities,preserve_missing,C,PriceFeatureSnapshot,registered_base,,features-v1
return_20d_raw,price_trend,adjusted_close_t / adjusted_close_t_minus_20 - 1; raw,ohlcv.daily_bars; corporate_actions.events,21,next_eod_after_all_inputs_available,none,all_eligible_equities,preserve_missing,C,PriceFeatureSnapshot,registered_base,,features-v1
return_60d_raw,price_trend,adjusted_close_t / adjusted_close_t_minus_60 - 1; raw,ohlcv.daily_bars; corporate_actions.events,61,next_eod_after_all_inputs_available,none,all_eligible_equities,preserve_missing,C,PriceFeatureSnapshot,registered_base,,features-v1
return_120d_raw,price_trend,adjusted_close_t / adjusted_close_t_minus_120 - 1; raw,ohlcv.daily_bars; corporate_actions.events,121,next_eod_after_all_inputs_available,none,all_eligible_equities,preserve_missing,C,PriceFeatureSnapshot,registered_base,,features-v1
return_252d_raw,price_trend,adjusted_close_t / adjusted_close_t_minus_252 - 1; raw,ohlcv.daily_bars; corporate_actions.events,253,next_eod_after_all_inputs_available,none,all_eligible_equities,preserve_missing,C,PriceFeatureSnapshot,registered_base,,features-v1
distance_ma20_raw,price_trend,adjusted_close_t / mean_adjusted_close_20 - 1; ratio_minus_one,ohlcv.daily_bars; corporate_actions.events,20,next_eod_after_all_inputs_available,none,all_eligible_equities,preserve_missing,C,PriceFeatureSnapshot,registered_base,,features-v1
distance_ma50_raw,price_trend,adjusted_close_t / mean_adjusted_close_50 - 1; ratio_minus_one,ohlcv.daily_bars; corporate_actions.events,50,next_eod_after_all_inputs_available,none,all_eligible_equities,preserve_missing,C,PriceFeatureSnapshot,registered_base,,features-v1
distance_ma200_raw,price_trend,adjusted_close_t / mean_adjusted_close_200 - 1; ratio_minus_one,ohlcv.daily_bars; corporate_actions.events,200,next_eod_after_all_inputs_available,none,all_eligible_equities,preserve_missing,C,PriceFeatureSnapshot,registered_base,,features-v1
distance_52week_high_raw,price_trend,adjusted_close_t / rolling_high_adjusted_close_252 - 1; ratio_minus_one,ohlcv.daily_bars; corporate_actions.events,252,next_eod_after_all_inputs_available,none,all_eligible_equities,preserve_missing,C,PriceFeatureSnapshot,registered_base,,features-v1
trend_slope_20d_normalized,price_trend,ols_slope_log_adjusted_close_20 / residual_scale_20; normalized_ols_slope,ohlcv.daily_bars; corporate_actions.events,20,next_eod_after_all_inputs_available,rolling_scale,positive_price_history,preserve_missing,C,PriceFeatureSnapshot,registered_base,,features-v1
trend_slope_60d_normalized,price_trend,ols_slope_log_adjusted_close_60 / residual_scale_60; normalized_ols_slope,ohlcv.daily_bars; corporate_actions.events,60,next_eod_after_all_inputs_available,rolling_scale,positive_price_history,preserve_missing,C,PriceFeatureSnapshot,registered_base,,features-v1
realized_volatility_20d_raw,volatility_drawdown,std_log_return_20 * sqrt_252; annualized_std,ohlcv.daily_bars; corporate_actions.events,21,next_eod_after_all_inputs_available,none,all_eligible_equities,preserve_missing,C,PriceFeatureSnapshot,registered_base,,features-v1
realized_volatility_60d_raw,volatility_drawdown,std_log_return_60 * sqrt_252; annualized_std,ohlcv.daily_bars; corporate_actions.events,61,next_eod_after_all_inputs_available,none,all_eligible_equities,preserve_missing,C,PriceFeatureSnapshot,registered_base,,features-v1
volatility_ratio_20d_60d_raw,volatility_drawdown,realized_volatility_20d / realized_volatility_60d; ratio,ohlcv.daily_bars; corporate_actions.events,61,next_eod_after_all_inputs_available,none,all_eligible_equities,preserve_missing,C,PriceFeatureSnapshot,registered_base,,features-v1
downside_volatility_60d_raw,volatility_drawdown,std_min_log_return_zero_60 * sqrt_252; annualized_downside_std,ohlcv.daily_bars; corporate_actions.events,61,next_eod_after_all_inputs_available,none,all_eligible_equities,preserve_missing,C,PriceFeatureSnapshot,registered_base,,features-v1
atr_20d_percent_price_raw,volatility_drawdown,mean_true_range_20 / adjusted_close_t; ratio,ohlcv.daily_bars; corporate_actions.events,21,next_eod_after_all_inputs_available,none,all_eligible_equities,preserve_missing,C,PriceFeatureSnapshot,registered_base,,features-v1
current_drawdown_raw,volatility_drawdown,adjusted_close_t / running_peak_adjusted_close_252 - 1; ratio_minus_one,ohlcv.daily_bars; corporate_actions.events,253,next_eod_after_all_inputs_available,none,all_eligible_equities,preserve_missing,C,PriceFeatureSnapshot,registered_base,,features-v1
maximum_drawdown_60d_raw,volatility_drawdown,minimum_peak_to_trough_return_60; rolling_min_drawdown,ohlcv.daily_bars; corporate_actions.events,60,next_eod_after_all_inputs_available,none,all_eligible_equities,preserve_missing,C,PriceFeatureSnapshot,registered_base,,features-v1
maximum_drawdown_252d_raw,volatility_drawdown,minimum_peak_to_trough_return_252; rolling_min_drawdown,ohlcv.daily_bars; corporate_actions.events,252,next_eod_after_all_inputs_available,none,all_eligible_equities,preserve_missing,C,PriceFeatureSnapshot,registered_base,,features-v1
drawdown_duration_sessions_raw,volatility_drawdown,sessions_since_latest_adjusted_close_peak_within_252; session_count,ohlcv.daily_bars; corporate_actions.events,252,next_eod_after_all_inputs_available,none,all_eligible_equities,preserve_missing,C,PriceFeatureSnapshot,registered_base,,features-v1
median_dollar_volume_20d_log,volume_liquidity,log1p_median_unadjusted_close_times_original_unit_volume_times_local_to_usd_fx_at_each_historical_eod_20; log1p,ohlcv.unadjusted_close; ohlcv.original_unit_volume; security.historical_currency; fx.quotes,20,next_eod_after_all_inputs_available,log_scale,requires_pit_fx_conversion_to_usd,preserve_missing,C,PriceFeatureSnapshot,registered_base,,features-v1
amihud_illiquidity_20d_log,volume_liquidity,log1p_mean_abs_adjusted_economic_return_over_unadjusted_close_times_original_unit_volume_times_local_to_usd_fx_at_each_historical_eod_20; log1p,ohlcv.daily_bars; corporate_actions.events; ohlcv.unadjusted_close; ohlcv.original_unit_volume; security.historical_currency; fx.quotes,21,next_eod_after_all_inputs_available,log_scale,requires_pit_fx_conversion_to_usd,preserve_missing,C,PriceFeatureSnapshot,registered_base,,features-v1
return_relative_sector_20d_raw,relative_strength,return_20d - eligible_sector_benchmark_return_20d; difference,ohlcv.daily_bars; market_context.daily_bars; classification.point_in_time; universe.historical_membership; corporate_actions.events,21,next_eod_after_all_inputs_available,none,eligible_sector_members,preserve_missing,C,RelativeFeatureSnapshot,registered_base,,features-v1
return_relative_sector_60d_raw,relative_strength,return_60d - eligible_sector_benchmark_return_60d; difference,ohlcv.daily_bars; market_context.daily_bars; classification.point_in_time; universe.historical_membership; corporate_actions.events,61,next_eod_after_all_inputs_available,none,eligible_sector_members,preserve_missing,C,RelativeFeatureSnapshot,registered_base,,features-v1
return_relative_sector_120d_raw,relative_strength,return_120d - eligible_sector_benchmark_return_120d; difference,ohlcv.daily_bars; market_context.daily_bars; classification.point_in_time; universe.historical_membership; corporate_actions.events,121,next_eod_after_all_inputs_available,none,eligible_sector_members,preserve_missing,C,RelativeFeatureSnapshot,registered_base,,features-v1
return_relative_market_20d_raw,relative_strength,return_20d - regional_broad_market_return_20d; difference,ohlcv.daily_bars; market_context.daily_bars; universe.historical_membership; corporate_actions.events,21,next_eod_after_all_inputs_available,none,all_eligible_equities,preserve_missing,C,RelativeFeatureSnapshot,registered_base,,features-v1
return_relative_market_60d_raw,relative_strength,return_60d - regional_broad_market_return_60d; difference,ohlcv.daily_bars; market_context.daily_bars; universe.historical_membership; corporate_actions.events,61,next_eod_after_all_inputs_available,none,all_eligible_equities,preserve_missing,C,RelativeFeatureSnapshot,registered_base,,features-v1
return_relative_market_120d_raw,relative_strength,return_120d - regional_broad_market_return_120d; difference,ohlcv.daily_bars; market_context.daily_bars; universe.historical_membership; corporate_actions.events,121,next_eod_after_all_inputs_available,none,all_eligible_equities,preserve_missing,C,RelativeFeatureSnapshot,registered_base,,features-v1
momentum_sector_percentile,relative_strength,percentile_rank_return_120d_within_eligible_sector; eligible_percentile,ohlcv.daily_bars; classification.point_in_time; universe.historical_membership; corporate_actions.events,121,next_eod_after_all_inputs_available,eligible_sector_percentile_as_of,eligible_sector_members,preserve_missing,C,RelativeFeatureSnapshot,registered_base,,features-v1
momentum_universe_percentile,relative_strength,percentile_rank_return_120d_within_historical_eligible_universe; eligible_percentile,ohlcv.daily_bars; universe.historical_membership; corporate_actions.events,121,next_eod_after_all_inputs_available,eligible_universe_percentile_as_of,historical_eligible_universe_members,preserve_missing,C,RelativeFeatureSnapshot,registered_base,,features-v1
revenue_growth_yoy_raw,fundamentals,latest_reported_revenue_yoy_growth; raw,fundamentals.reported_vintages,0,reported_value_as_of_prediction_then_next_eod,none,all_eligible_equities,preserve_missing,B,FundamentalFeatureSnapshot,registered_base,,features-v1
eps_growth_yoy_raw,fundamentals,latest_reported_diluted_eps_yoy_growth; raw,fundamentals.reported_vintages,0,reported_value_as_of_prediction_then_next_eod,none,positive_and_negative_eps_supported,preserve_missing,B,FundamentalFeatureSnapshot,registered_base,,features-v1
fcf_growth_yoy_raw,fundamentals,latest_reported_free_cash_flow_yoy_growth; raw,fundamentals.reported_vintages,0,reported_value_as_of_prediction_then_next_eod,none,non_financials_when_economically_meaningful,structural_missing_not_imputed,B,FundamentalFeatureSnapshot,registered_base,,features-v1
gross_margin_raw,fundamentals,latest_reported_gross_profit / revenue; ratio,fundamentals.reported_vintages,0,reported_value_as_of_prediction_then_next_eod,none,sectors_with_meaningful_gross_profit,structural_missing_not_imputed,B,FundamentalFeatureSnapshot,registered_base,,features-v1
operating_margin_raw,fundamentals,latest_reported_operating_income / revenue; ratio,fundamentals.reported_vintages,0,reported_value_as_of_prediction_then_next_eod,none,all_eligible_equities,preserve_missing,B,FundamentalFeatureSnapshot,registered_base,,features-v1
fcf_margin_raw,fundamentals,latest_reported_free_cash_flow / revenue; ratio,fundamentals.reported_vintages,0,reported_value_as_of_prediction_then_next_eod,none,non_financials_when_economically_meaningful,structural_missing_not_imputed,B,FundamentalFeatureSnapshot,registered_base,,features-v1
roic_raw,fundamentals,latest_reported_nopat / invested_capital; ratio,fundamentals.reported_vintages,0,reported_value_as_of_prediction_then_next_eod,none,non_financials_when_economically_meaningful,structural_missing_not_imputed,B,FundamentalFeatureSnapshot,registered_base,,features-v1
roe_raw,fundamentals,latest_reported_net_income / average_equity; ratio,fundamentals.reported_vintages,0,reported_value_as_of_prediction_then_next_eod,none,all_eligible_equities,preserve_missing,B,FundamentalFeatureSnapshot,registered_base,,features-v1
net_debt_to_ebitda_raw,fundamentals,latest_reported_net_debt / trailing_ebitda; ratio,fundamentals.reported_vintages,0,reported_value_as_of_prediction_then_next_eod,none,non_financials_when_economically_meaningful,structural_missing_not_imputed,B,FundamentalFeatureSnapshot,registered_base,,features-v1
interest_coverage_raw,fundamentals,latest_reported_ebit / interest_expense; ratio,fundamentals.reported_vintages,0,reported_value_as_of_prediction_then_next_eod,none,companies_with_meaningful_interest_expense,structural_missing_not_imputed,B,FundamentalFeatureSnapshot,registered_base,,features-v1
share_dilution_yoy_raw,fundamentals,latest_diluted_shares / prior_year_diluted_shares - 1; percent_change,fundamentals.reported_vintages,0,reported_value_as_of_prediction_then_next_eod,none,companies_with_comparable_share_counts,preserve_missing,B,FundamentalFeatureSnapshot,registered_base,,features-v1
last_known_earnings_surprise_raw,fundamentals,latest_reported_eps - point_in_time_consensus_eps; standardized_difference,fundamentals.reported_vintages,0,reported_value_as_of_prediction_then_next_eod,consensus_scale,reliable_point_in_time_estimate_history,preserve_missing,B,FundamentalFeatureSnapshot,registered_base,,features-v1
trailing_pe_raw,valuation,adjusted_close_t / trailing_eps; ratio,fundamentals.reported_vintages; ohlcv.daily_bars,1,reported_value_as_of_prediction_then_next_eod,none,positive_trailing_eps,preserve_missing,B,ValuationFeatureSnapshot,registered_base,,features-v1
trailing_pe_sector_percentile,valuation,percentile_rank_trailing_pe_within_eligible_sector; eligible_percentile,fundamentals.reported_vintages; ohlcv.daily_bars; classification.point_in_time; universe.historical_membership,1,reported_value_as_of_prediction_then_next_eod,eligible_sector_percentile_as_of,positive_trailing_eps_in_eligible_sector,preserve_missing,B,ValuationFeatureSnapshot,registered_base,,features-v1
trailing_pe_own_history_zscore,valuation,trailing_pe_t_minus_trailing_mean_756_over_trailing_std_756; trailing_zscore,fundamentals.reported_vintages; ohlcv.daily_bars,756,reported_value_as_of_prediction_then_next_eod,trailing_history_as_of,positive_trailing_eps_with_sufficient_history,preserve_missing,B,ValuationFeatureSnapshot,registered_base,,features-v1
ev_to_ebitda_raw,valuation,enterprise_value_as_of / trailing_ebitda; ratio,fundamentals.reported_vintages; ohlcv.daily_bars,1,reported_value_as_of_prediction_then_next_eod,none,non_financials_when_economically_meaningful,structural_missing_not_imputed,B,ValuationFeatureSnapshot,registered_base,,features-v1
ev_to_ebitda_sector_percentile,valuation,percentile_rank_ev_to_ebitda_within_eligible_sector; eligible_percentile,fundamentals.reported_vintages; ohlcv.daily_bars; classification.point_in_time; universe.historical_membership,1,reported_value_as_of_prediction_then_next_eod,eligible_sector_percentile_as_of,applicable_non_financial_eligible_sector,structural_missing_not_imputed,B,ValuationFeatureSnapshot,registered_base,,features-v1
ev_to_ebitda_own_history_zscore,valuation,ev_to_ebitda_t_minus_trailing_mean_756_over_trailing_std_756; trailing_zscore,fundamentals.reported_vintages; ohlcv.daily_bars,756,reported_value_as_of_prediction_then_next_eod,trailing_history_as_of,applicable_non_financial_with_sufficient_history,structural_missing_not_imputed,B,ValuationFeatureSnapshot,registered_base,,features-v1
price_to_sales_raw,valuation,market_cap_as_of / trailing_revenue; ratio,fundamentals.reported_vintages; ohlcv.daily_bars,1,reported_value_as_of_prediction_then_next_eod,none,all_eligible_equities,preserve_missing,B,ValuationFeatureSnapshot,registered_base,,features-v1
fcf_yield_raw,valuation,trailing_free_cash_flow / market_cap_as_of; ratio,fundamentals.reported_vintages; ohlcv.daily_bars,1,reported_value_as_of_prediction_then_next_eod,none,non_financials_when_economically_meaningful,structural_missing_not_imputed,B,ValuationFeatureSnapshot,registered_base,,features-v1
fcf_yield_sector_percentile,valuation,percentile_rank_fcf_yield_within_eligible_sector; eligible_percentile,fundamentals.reported_vintages; ohlcv.daily_bars; classification.point_in_time; universe.historical_membership,1,reported_value_as_of_prediction_then_next_eod,eligible_sector_percentile_as_of,applicable_non_financial_eligible_sector,structural_missing_not_imputed,B,ValuationFeatureSnapshot,registered_base,,features-v1
fcf_yield_own_history_zscore,valuation,fcf_yield_t_minus_trailing_mean_756_over_trailing_std_756; trailing_zscore,fundamentals.reported_vintages; ohlcv.daily_bars,756,reported_value_as_of_prediction_then_next_eod,trailing_history_as_of,applicable_non_financial_with_sufficient_history,structural_missing_not_imputed,B,ValuationFeatureSnapshot,registered_base,,features-v1
broad_market_momentum_20d_raw,market_cross_asset,regional_broad_market_close_t / close_t_minus_20 - 1; return,market_context.daily_bars; corporate_actions.events,21,next_eod_after_all_inputs_available,none,security_region,preserve_missing,C,MarketStructuralSnapshot,registered_base,,features-v1
broad_market_momentum_60d_raw,market_cross_asset,regional_broad_market_close_t / close_t_minus_60 - 1; return,market_context.daily_bars; corporate_actions.events,61,next_eod_after_all_inputs_available,none,security_region,preserve_missing,C,MarketStructuralSnapshot,registered_base,,features-v1
sector_momentum_20d_raw,market_cross_asset,sector_benchmark_close_t / close_t_minus_20 - 1; return,market_context.daily_bars; classification.point_in_time; corporate_actions.events,21,next_eod_after_all_inputs_available,none,mapped_sector_benchmark,preserve_missing,C,MarketStructuralSnapshot,registered_base,,features-v1
sector_momentum_60d_raw,market_cross_asset,sector_benchmark_close_t / close_t_minus_60 - 1; return,market_context.daily_bars; classification.point_in_time; corporate_actions.events,61,next_eod_after_all_inputs_available,none,mapped_sector_benchmark,preserve_missing,C,MarketStructuralSnapshot,registered_base,,features-v1
vix_level_raw,market_cross_asset,latest_vix_close; raw,market_context.daily_bars,1,next_eod_after_all_inputs_available,none,all_eligible_equities,preserve_missing,C,MarketStructuralSnapshot,registered_base,,features-v1
vix_acceleration_raw,market_cross_asset,vix_change_20d - prior_vix_change_20d; difference_of_changes,market_context.daily_bars,43,next_eod_after_all_inputs_available,none,all_eligible_equities,preserve_missing,C,MarketStructuralSnapshot,registered_base,index-point acceleration Vt-2*Vt-20+Vt-40; requires 43 actual source sessions,features-v1
days_to_announced_earnings_raw,event_calendar,sessions_until_next_announced_earnings; trading_session_distance,events.announced_calendar,0,known_event_date_as_of_prediction_then_next_eod,none,announced_future_event_only,preserve_missing,B,EventFeatureSnapshot,registered_base,,features-v1
announced_earnings_within_5d,event_calendar,one_if_days_to_announced_earnings_between_0_and_5; threshold,events.announced_calendar,0,known_event_date_as_of_prediction_then_next_eod,none,announced_future_event_only,preserve_missing,B,EventFeatureSnapshot,registered_base,,features-v1
announced_earnings_within_20d,event_calendar,one_if_days_to_announced_earnings_between_0_and_20; threshold,events.announced_calendar,0,known_event_date_as_of_prediction_then_next_eod,none,announced_future_event_only,preserve_missing,B,EventFeatureSnapshot,registered_base,,features-v1
days_to_relevant_policy_decision_raw,event_calendar,sessions_until_next_announced_relevant_policy_decision; trading_session_distance,events.announced_calendar; classification.point_in_time,0,known_event_date_as_of_prediction_then_next_eod,none,security_monetary_jurisdiction,preserve_missing,B,EventFeatureSnapshot,registered_base,,features-v1
major_policy_event_within_5d,event_calendar,one_if_days_to_relevant_policy_decision_between_0_and_5; threshold,events.announced_calendar; classification.point_in_time,0,known_event_date_as_of_prediction_then_next_eod,none,security_monetary_jurisdiction,preserve_missing,B,EventFeatureSnapshot,registered_base,,features-v1
days_to_relevant_inflation_release_raw,event_calendar,sessions_until_next_announced_cpi_or_hicp_release; trading_session_distance,events.announced_calendar; classification.point_in_time,0,known_event_date_as_of_prediction_then_next_eod,none,security_region,preserve_missing,B,EventFeatureSnapshot,registered_base,,features-v1
region_category,structural,historical_region_at_prediction; categorical,classification.point_in_time; universe.historical_membership,0,historical_membership_as_of_prediction,categorical,all_eligible_equities,preserve_missing,C,MarketStructuralSnapshot,registered_base,structural-software-candidate-v1; US=0 EU=1; explicit controlled sector mapping; USD cap edges=2e9|10e9|200e9; beta edges=0.8|1.2; equality enters upper bucket; beta=252 aligned adjusted daily returns; no empirical selection,features-v1
sector_category,structural,historical_sector_at_prediction; categorical,classification.point_in_time; universe.historical_membership,0,historical_membership_as_of_prediction,categorical,all_eligible_equities,preserve_missing,C,MarketStructuralSnapshot,registered_base,structural-software-candidate-v1; US=0 EU=1; explicit controlled sector mapping; USD cap edges=2e9|10e9|200e9; beta edges=0.8|1.2; equality enters upper bucket; beta=252 aligned adjusted daily returns; no empirical selection,features-v1
market_cap_bucket,structural,bucket_market_cap_as_of; controlled_bucket,fundamentals.reported_vintages; ohlcv.unadjusted_close; security.historical_currency; fx.quotes; universe.historical_membership,1,reported_value_as_of_prediction_then_next_eod,categorical,all_eligible_equities,preserve_missing,B,MarketStructuralSnapshot,registered_base,structural-software-candidate-v1; US=0 EU=1; explicit controlled sector mapping; USD cap edges=2e9|10e9|200e9; beta edges=0.8|1.2; equality enters upper bucket; beta=252 aligned adjusted daily returns; no empirical selection,features-v1
beta_bucket,structural,bucket_trailing_beta_252; controlled_bucket,ohlcv.daily_bars; market_context.daily_bars; corporate_actions.events,253,next_eod_after_all_inputs_available,categorical,all_eligible_equities,preserve_missing,C,MarketStructuralSnapshot,registered_base,structural-software-candidate-v1; US=0 EU=1; explicit controlled sector mapping; USD cap edges=2e9|10e9|200e9; beta edges=0.8|1.2; equality enters upper bucket; beta=252 aligned adjusted daily returns; no empirical selection,features-v1
headline_inflation_level_raw,macro,latest_released_headline_cpi_or_hicp_level; raw,macro.realtime_vintages; classification.point_in_time,0,next_eod_after_all_inputs_available,none,security_region,preserve_missing,B,MacroFeatureSnapshot,registered_base,,features-v1
core_inflation_level_raw,macro,latest_released_core_cpi_or_hicp_level; raw,macro.realtime_vintages; classification.point_in_time,0,next_eod_after_all_inputs_available,none,security_region,preserve_missing,B,MacroFeatureSnapshot,registered_base,,features-v1
unemployment_rate_level_raw,macro,latest_released_unemployment_rate; raw,macro.realtime_vintages; classification.point_in_time,0,next_eod_after_all_inputs_available,none,security_region,preserve_missing,B,MacroFeatureSnapshot,registered_base,,features-v1
policy_rate_level_raw,macro,latest_released_relevant_central_bank_policy_rate; raw,macro.realtime_vintages; classification.point_in_time,0,next_eod_after_all_inputs_available,none,security_monetary_jurisdiction,preserve_missing,B,MacroFeatureSnapshot,registered_base,,features-v1
policy_rate_change_3m_raw,macro,latest_policy_rate - policy_rate_three_months_prior_as_known; difference,macro.realtime_vintages; classification.point_in_time,0,next_eod_after_all_inputs_available,none,security_monetary_jurisdiction,preserve_missing,B,MacroFeatureSnapshot,registered_base,,features-v1
us_yield_curve_10y_2y_raw,macro,us_treasury_10y_yield - us_treasury_2y_yield; difference,macro.realtime_vintages,0,next_eod_after_all_inputs_available,none,region_us,preserve_missing,B,MacroFeatureSnapshot,registered_base,,features-v1
us_yield_curve_10y_3m_raw,macro,us_treasury_10y_yield - us_treasury_3m_yield; difference,macro.realtime_vintages,0,next_eod_after_all_inputs_available,none,region_us,preserve_missing,B,MacroFeatureSnapshot,registered_base,,features-v1
eu_sovereign_curve_proxy_raw,macro,euro_or_eu_sovereign_long_rate - relevant_short_rate; controlled_spread,macro.realtime_vintages,0,next_eod_after_all_inputs_available,none,region_eu,preserve_missing,B,MacroFeatureSnapshot,registered_base,,features-v1
high_yield_spread_raw,macro,latest_released_regional_high_yield_spread; raw,macro.realtime_vintages; classification.point_in_time,0,next_eod_after_all_inputs_available,none,security_region,preserve_missing,B,MacroFeatureSnapshot,registered_base,,features-v1
investment_grade_spread_raw,macro,latest_released_regional_investment_grade_spread; raw,macro.realtime_vintages; classification.point_in_time,0,next_eod_after_all_inputs_available,none,security_region,preserve_missing,B,MacroFeatureSnapshot,registered_base,,features-v1
financial_conditions_level_raw,macro,latest_released_regional_financial_conditions_proxy; raw,macro.realtime_vintages; classification.point_in_time,0,next_eod_after_all_inputs_available,none,security_region,preserve_missing,B,MacroFeatureSnapshot,registered_base,,features-v1
central_bank_liquidity_change_3m_raw,macro,latest_central_bank_balance_sheet / level_three_months_prior_as_known - 1; percent_change,macro.realtime_vintages; classification.point_in_time,0,next_eod_after_all_inputs_available,none,security_monetary_jurisdiction,preserve_missing,B,MacroFeatureSnapshot,registered_base,,features-v1
global_risk_off_level_raw,macro,latest_released_broad_global_risk_off_proxy; raw,macro.realtime_vintages,0,next_eod_after_all_inputs_available,none,all_eligible_equities,preserve_missing,B,MacroFeatureSnapshot,registered_base,,features-v1
regime_interpretable_expansion_risk_on_probability,regime,fixed uncalibrated prototype probability,evidenced regional momentum; global VIX; regional high yield spread; train-fit provenance,candidate-specific,all inputs and train fit-end <= prediction; matched fold/region/source calendar,Task8 fixed reference or Task9 train-only standardization,explicit active candidate only,omit inactive slots; no probability padding,C,RegimeFeatureSnapshot,reserved_candidate_slot,"software candidate, not a retained winner or selected state count; conservative branch-specific input tier; market C permitted, high yield spread requires B; unsupervised includes training dependencies",features-v1
regime_interpretable_correction_probability,regime,fixed uncalibrated prototype probability,evidenced regional momentum; global VIX; regional high yield spread; train-fit provenance,candidate-specific,all inputs and train fit-end <= prediction; matched fold/region/source calendar,Task8 fixed reference or Task9 train-only standardization,explicit active candidate only,omit inactive slots; no probability padding,C,RegimeFeatureSnapshot,reserved_candidate_slot,"software candidate, not a retained winner or selected state count; conservative branch-specific input tier; market C permitted, high yield spread requires B; unsupervised includes training dependencies",features-v1
regime_interpretable_high_vol_stress_probability,regime,fixed uncalibrated prototype probability,evidenced regional momentum; global VIX; regional high yield spread; train-fit provenance,candidate-specific,all inputs and train fit-end <= prediction; matched fold/region/source calendar,Task8 fixed reference or Task9 train-only standardization,explicit active candidate only,omit inactive slots; no probability padding,C,RegimeFeatureSnapshot,reserved_candidate_slot,"software candidate, not a retained winner or selected state count; conservative branch-specific input tier; market C permitted, high yield spread requires B; unsupervised includes training dependencies",features-v1
regime_interpretable_crisis_probability,regime,fixed uncalibrated prototype probability,evidenced regional momentum; global VIX; regional high yield spread; train-fit provenance,candidate-specific,all inputs and train fit-end <= prediction; matched fold/region/source calendar,Task8 fixed reference or Task9 train-only standardization,explicit active candidate only,omit inactive slots; no probability padding,C,RegimeFeatureSnapshot,reserved_candidate_slot,"software candidate, not a retained winner or selected state count; conservative branch-specific input tier; market C permitted, high yield spread requires B; unsupervised includes training dependencies",features-v1
regime_interpretable_recovery_probability,regime,fixed uncalibrated prototype probability,evidenced regional momentum; global VIX; regional high yield spread; train-fit provenance,candidate-specific,all inputs and train fit-end <= prediction; matched fold/region/source calendar,Task8 fixed reference or Task9 train-only standardization,explicit active candidate only,omit inactive slots; no probability padding,C,RegimeFeatureSnapshot,reserved_candidate_slot,"software candidate, not a retained winner or selected state count; conservative branch-specific input tier; market C permitted, high yield spread requires B; unsupervised includes training dependencies",features-v1
regime_state_0_probability,regime,candidate state 0; only active when i < fitted n_states; 3..8 states,evidenced regional momentum; global VIX; regional high yield spread; train-fit provenance,candidate-specific,all inputs and train fit-end <= prediction; matched fold/region/source calendar,Task8 fixed reference or Task9 train-only standardization,explicit active candidate only,omit inactive slots; no probability padding,C,RegimeFeatureSnapshot,reserved_candidate_slot,"software candidate, not a retained winner or selected state count; conservative branch-specific input tier; market C permitted, high yield spread requires B; unsupervised includes training dependencies",features-v1
regime_state_1_probability,regime,candidate state 1; only active when i < fitted n_states; 3..8 states,evidenced regional momentum; global VIX; regional high yield spread; train-fit provenance,candidate-specific,all inputs and train fit-end <= prediction; matched fold/region/source calendar,Task8 fixed reference or Task9 train-only standardization,explicit active candidate only,omit inactive slots; no probability padding,C,RegimeFeatureSnapshot,reserved_candidate_slot,"software candidate, not a retained winner or selected state count; conservative branch-specific input tier; market C permitted, high yield spread requires B; unsupervised includes training dependencies",features-v1
regime_state_2_probability,regime,candidate state 2; only active when i < fitted n_states; 3..8 states,evidenced regional momentum; global VIX; regional high yield spread; train-fit provenance,candidate-specific,all inputs and train fit-end <= prediction; matched fold/region/source calendar,Task8 fixed reference or Task9 train-only standardization,explicit active candidate only,omit inactive slots; no probability padding,C,RegimeFeatureSnapshot,reserved_candidate_slot,"software candidate, not a retained winner or selected state count; conservative branch-specific input tier; market C permitted, high yield spread requires B; unsupervised includes training dependencies",features-v1
regime_state_3_probability,regime,candidate state 3; only active when i < fitted n_states; 3..8 states,evidenced regional momentum; global VIX; regional high yield spread; train-fit provenance,candidate-specific,all inputs and train fit-end <= prediction; matched fold/region/source calendar,Task8 fixed reference or Task9 train-only standardization,explicit active candidate only,omit inactive slots; no probability padding,C,RegimeFeatureSnapshot,reserved_candidate_slot,"software candidate, not a retained winner or selected state count; conservative branch-specific input tier; market C permitted, high yield spread requires B; unsupervised includes training dependencies",features-v1
regime_state_4_probability,regime,candidate state 4; only active when i < fitted n_states; 3..8 states,evidenced regional momentum; global VIX; regional high yield spread; train-fit provenance,candidate-specific,all inputs and train fit-end <= prediction; matched fold/region/source calendar,Task8 fixed reference or Task9 train-only standardization,explicit active candidate only,omit inactive slots; no probability padding,C,RegimeFeatureSnapshot,reserved_candidate_slot,"software candidate, not a retained winner or selected state count; conservative branch-specific input tier; market C permitted, high yield spread requires B; unsupervised includes training dependencies",features-v1
regime_state_5_probability,regime,candidate state 5; only active when i < fitted n_states; 3..8 states,evidenced regional momentum; global VIX; regional high yield spread; train-fit provenance,candidate-specific,all inputs and train fit-end <= prediction; matched fold/region/source calendar,Task8 fixed reference or Task9 train-only standardization,explicit active candidate only,omit inactive slots; no probability padding,C,RegimeFeatureSnapshot,reserved_candidate_slot,"software candidate, not a retained winner or selected state count; conservative branch-specific input tier; market C permitted, high yield spread requires B; unsupervised includes training dependencies",features-v1
regime_state_6_probability,regime,candidate state 6; only active when i < fitted n_states; 3..8 states,evidenced regional momentum; global VIX; regional high yield spread; train-fit provenance,candidate-specific,all inputs and train fit-end <= prediction; matched fold/region/source calendar,Task8 fixed reference or Task9 train-only standardization,explicit active candidate only,omit inactive slots; no probability padding,C,RegimeFeatureSnapshot,reserved_candidate_slot,"software candidate, not a retained winner or selected state count; conservative branch-specific input tier; market C permitted, high yield spread requires B; unsupervised includes training dependencies",features-v1
regime_state_7_probability,regime,candidate state 7; only active when i < fitted n_states; 3..8 states,evidenced regional momentum; global VIX; regional high yield spread; train-fit provenance,candidate-specific,all inputs and train fit-end <= prediction; matched fold/region/source calendar,Task8 fixed reference or Task9 train-only standardization,explicit active candidate only,omit inactive slots; no probability padding,C,RegimeFeatureSnapshot,reserved_candidate_slot,"software candidate, not a retained winner or selected state count; conservative branch-specific input tier; market C permitted, high yield spread requires B; unsupervised includes training dependencies",features-v1
