name,domain,raw_dependencies,dependency_domains,cross_cutting_required_domains,current_provider_candidate,admission_feasibility,expected_missingness,structural_missingness,global_unavailability_risk,model_research_valid,blocking_evidence_ids
return_5d_raw,price_trend,price_history;corporate_actions,corporate_actions;ohlcv,historical_universe,dated issuer/exchange corporate notices; fallback Sharadar US actions; EU event export with terms proof | dated exchange/vendor raw sessions; fallback EODHD regional entitlement or Sharadar US plus validated factors,METHODOLOGY_BLOCKED_BY_DATA,no admitted source coverage; empirical missingness rate undefined (zero rows),all_eligible_equities,missing identity events spin-offs terminal proceeds and known-at revisions | EU missing; actions and original-unit volume unreconciled,false,P01;P02;P06;P07;P09;P13;P14;P29
return_20d_raw,price_trend,price_history;corporate_actions,corporate_actions;ohlcv,historical_universe,dated issuer/exchange corporate notices; fallback Sharadar US actions; EU event export with terms proof | dated exchange/vendor raw sessions; fallback EODHD regional entitlement or Sharadar US plus validated factors,METHODOLOGY_BLOCKED_BY_DATA,no admitted source coverage; empirical missingness rate undefined (zero rows),all_eligible_equities,missing identity events spin-offs terminal proceeds and known-at revisions | EU missing; actions and original-unit volume unreconciled,false,P01;P02;P06;P07;P09;P13;P14;P29
return_60d_raw,price_trend,price_history;corporate_actions,corporate_actions;ohlcv,historical_universe,dated issuer/exchange corporate notices; fallback Sharadar US actions; EU event export with terms proof | dated exchange/vendor raw sessions; fallback EODHD regional entitlement or Sharadar US plus validated factors,METHODOLOGY_BLOCKED_BY_DATA,no admitted source coverage; empirical missingness rate undefined (zero rows),all_eligible_equities,missing identity events spin-offs terminal proceeds and known-at revisions | EU missing; actions and original-unit volume unreconciled,false,P01;P02;P06;P07;P09;P13;P14;P29
return_120d_raw,price_trend,price_history;corporate_actions,corporate_actions;ohlcv,historical_universe,dated issuer/exchange corporate notices; fallback Sharadar US actions; EU event export with terms proof | dated exchange/vendor raw sessions; fallback EODHD regional entitlement or Sharadar US plus validated factors,METHODOLOGY_BLOCKED_BY_DATA,no admitted source coverage; empirical missingness rate undefined (zero rows),all_eligible_equities,missing identity events spin-offs terminal proceeds and known-at revisions | EU missing; actions and original-unit volume unreconciled,false,P01;P02;P06;P07;P09;P13;P14;P29
return_252d_raw,price_trend,price_history;corporate_actions,corporate_actions;ohlcv,historical_universe,dated issuer/exchange corporate notices; fallback Sharadar US actions; EU event export with terms proof | dated exchange/vendor raw sessions; fallback EODHD regional entitlement or Sharadar US plus validated factors,METHODOLOGY_BLOCKED_BY_DATA,no admitted source coverage; empirical missingness rate undefined (zero rows),all_eligible_equities,missing identity events spin-offs terminal proceeds and known-at revisions | EU missing; actions and original-unit volume unreconciled,false,P01;P02;P06;P07;P09;P13;P14;P29
distance_ma20_raw,price_trend,price_history;corporate_actions,corporate_actions;ohlcv,historical_universe,dated issuer/exchange corporate notices; fallback Sharadar US actions; EU event export with terms proof | dated exchange/vendor raw sessions; fallback EODHD regional entitlement or Sharadar US plus validated factors,METHODOLOGY_BLOCKED_BY_DATA,no admitted source coverage; empirical missingness rate undefined (zero rows),all_eligible_equities,missing identity events spin-offs terminal proceeds and known-at revisions | EU missing; actions and original-unit volume unreconciled,false,P01;P02;P06;P07;P09;P13;P14;P29
distance_ma50_raw,price_trend,price_history;corporate_actions,corporate_actions;ohlcv,historical_universe,dated issuer/exchange corporate notices; fallback Sharadar US actions; EU event export with terms proof | dated exchange/vendor raw sessions; fallback EODHD regional entitlement or Sharadar US plus validated factors,METHODOLOGY_BLOCKED_BY_DATA,no admitted source coverage; empirical missingness rate undefined (zero rows),all_eligible_equities,missing identity events spin-offs terminal proceeds and known-at revisions | EU missing; actions and original-unit volume unreconciled,false,P01;P02;P06;P07;P09;P13;P14;P29
distance_ma200_raw,price_trend,price_history;corporate_actions,corporate_actions;ohlcv,historical_universe,dated issuer/exchange corporate notices; fallback Sharadar US actions; EU event export with terms proof | dated exchange/vendor raw sessions; fallback EODHD regional entitlement or Sharadar US plus validated factors,METHODOLOGY_BLOCKED_BY_DATA,no admitted source coverage; empirical missingness rate undefined (zero rows),all_eligible_equities,missing identity events spin-offs terminal proceeds and known-at revisions | EU missing; actions and original-unit volume unreconciled,false,P01;P02;P06;P07;P09;P13;P14;P29
distance_52week_high_raw,price_trend,price_history;corporate_actions,corporate_actions;ohlcv,historical_universe,dated issuer/exchange corporate notices; fallback Sharadar US actions; EU event export with terms proof | dated exchange/vendor raw sessions; fallback EODHD regional entitlement or Sharadar US plus validated factors,METHODOLOGY_BLOCKED_BY_DATA,no admitted source coverage; empirical missingness rate undefined (zero rows),all_eligible_equities,missing identity events spin-offs terminal proceeds and known-at revisions | EU missing; actions and original-unit volume unreconciled,false,P01;P02;P06;P07;P09;P13;P14;P29
trend_slope_20d_normalized,price_trend,price_history;corporate_actions,corporate_actions;ohlcv,historical_universe,dated issuer/exchange corporate notices; fallback Sharadar US actions; EU event export with terms proof | dated exchange/vendor raw sessions; fallback EODHD regional entitlement or Sharadar US plus validated factors,METHODOLOGY_BLOCKED_BY_DATA,no admitted source coverage; empirical missingness rate undefined (zero rows),positive_price_history,missing identity events spin-offs terminal proceeds and known-at revisions | EU missing; actions and original-unit volume unreconciled,false,P01;P02;P06;P07;P09;P13;P14;P29
trend_slope_60d_normalized,price_trend,price_history;corporate_actions,corporate_actions;ohlcv,historical_universe,dated issuer/exchange corporate notices; fallback Sharadar US actions; EU event export with terms proof | dated exchange/vendor raw sessions; fallback EODHD regional entitlement or Sharadar US plus validated factors,METHODOLOGY_BLOCKED_BY_DATA,no admitted source coverage; empirical missingness rate undefined (zero rows),positive_price_history,missing identity events spin-offs terminal proceeds and known-at revisions | EU missing; actions and original-unit volume unreconciled,false,P01;P02;P06;P07;P09;P13;P14;P29
realized_volatility_20d_raw,volatility_drawdown,price_history;corporate_actions,corporate_actions;ohlcv,historical_universe,dated issuer/exchange corporate notices; fallback Sharadar US actions; EU event export with terms proof | dated exchange/vendor raw sessions; fallback EODHD regional entitlement or Sharadar US plus validated factors,METHODOLOGY_BLOCKED_BY_DATA,no admitted source coverage; empirical missingness rate undefined (zero rows),all_eligible_equities,missing identity events spin-offs terminal proceeds and known-at revisions | EU missing; actions and original-unit volume unreconciled,false,P01;P02;P06;P07;P09;P13;P14;P29
realized_volatility_60d_raw,volatility_drawdown,price_history;corporate_actions,corporate_actions;ohlcv,historical_universe,dated issuer/exchange corporate notices; fallback Sharadar US actions; EU event export with terms proof | dated exchange/vendor raw sessions; fallback EODHD regional entitlement or Sharadar US plus validated factors,METHODOLOGY_BLOCKED_BY_DATA,no admitted source coverage; empirical missingness rate undefined (zero rows),all_eligible_equities,missing identity events spin-offs terminal proceeds and known-at revisions | EU missing; actions and original-unit volume unreconciled,false,P01;P02;P06;P07;P09;P13;P14;P29
volatility_ratio_20d_60d_raw,volatility_drawdown,price_history;corporate_actions,corporate_actions;ohlcv,historical_universe,dated issuer/exchange corporate notices; fallback Sharadar US actions; EU event export with terms proof | dated exchange/vendor raw sessions; fallback EODHD regional entitlement or Sharadar US plus validated factors,METHODOLOGY_BLOCKED_BY_DATA,no admitted source coverage; empirical missingness rate undefined (zero rows),all_eligible_equities,missing identity events spin-offs terminal proceeds and known-at revisions | EU missing; actions and original-unit volume unreconciled,false,P01;P02;P06;P07;P09;P13;P14;P29
downside_volatility_60d_raw,volatility_drawdown,price_history;corporate_actions,corporate_actions;ohlcv,historical_universe,dated issuer/exchange corporate notices; fallback Sharadar US actions; EU event export with terms proof | dated exchange/vendor raw sessions; fallback EODHD regional entitlement or Sharadar US plus validated factors,METHODOLOGY_BLOCKED_BY_DATA,no admitted source coverage; empirical missingness rate undefined (zero rows),all_eligible_equities,missing identity events spin-offs terminal proceeds and known-at revisions | EU missing; actions and original-unit volume unreconciled,false,P01;P02;P06;P07;P09;P13;P14;P29
atr_20d_percent_price_raw,volatility_drawdown,price_history;corporate_actions,corporate_actions;ohlcv,historical_universe,dated issuer/exchange corporate notices; fallback Sharadar US actions; EU event export with terms proof | dated exchange/vendor raw sessions; fallback EODHD regional entitlement or Sharadar US plus validated factors,METHODOLOGY_BLOCKED_BY_DATA,no admitted source coverage; empirical missingness rate undefined (zero rows),all_eligible_equities,missing identity events spin-offs terminal proceeds and known-at revisions | EU missing; actions and original-unit volume unreconciled,false,P01;P02;P06;P07;P09;P13;P14;P29
current_drawdown_raw,volatility_drawdown,price_history;corporate_actions,corporate_actions;ohlcv,historical_universe,dated issuer/exchange corporate notices; fallback Sharadar US actions; EU event export with terms proof | dated exchange/vendor raw sessions; fallback EODHD regional entitlement or Sharadar US plus validated factors,METHODOLOGY_BLOCKED_BY_DATA,no admitted source coverage; empirical missingness rate undefined (zero rows),all_eligible_equities,missing identity events spin-offs terminal proceeds and known-at revisions | EU missing; actions and original-unit volume unreconciled,false,P01;P02;P06;P07;P09;P13;P14;P29
maximum_drawdown_60d_raw,volatility_drawdown,price_history;corporate_actions,corporate_actions;ohlcv,historical_universe,dated issuer/exchange corporate notices; fallback Sharadar US actions; EU event export with terms proof | dated exchange/vendor raw sessions; fallback EODHD regional entitlement or Sharadar US plus validated factors,METHODOLOGY_BLOCKED_BY_DATA,no admitted source coverage; empirical missingness rate undefined (zero rows),all_eligible_equities,missing identity events spin-offs terminal proceeds and known-at revisions | EU missing; actions and original-unit volume unreconciled,false,P01;P02;P06;P07;P09;P13;P14;P29
maximum_drawdown_252d_raw,volatility_drawdown,price_history;corporate_actions,corporate_actions;ohlcv,historical_universe,dated issuer/exchange corporate notices; fallback Sharadar US actions; EU event export with terms proof | dated exchange/vendor raw sessions; fallback EODHD regional entitlement or Sharadar US plus validated factors,METHODOLOGY_BLOCKED_BY_DATA,no admitted source coverage; empirical missingness rate undefined (zero rows),all_eligible_equities,missing identity events spin-offs terminal proceeds and known-at revisions | EU missing; actions and original-unit volume unreconciled,false,P01;P02;P06;P07;P09;P13;P14;P29
drawdown_duration_sessions_raw,volatility_drawdown,price_history;corporate_actions,corporate_actions;ohlcv,historical_universe,dated issuer/exchange corporate notices; fallback Sharadar US actions; EU event export with terms proof | dated exchange/vendor raw sessions; fallback EODHD regional entitlement or Sharadar US plus validated factors,METHODOLOGY_BLOCKED_BY_DATA,no admitted source coverage; empirical missingness rate undefined (zero rows),all_eligible_equities,missing identity events spin-offs terminal proceeds and known-at revisions | EU missing; actions and original-unit volume unreconciled,false,P01;P02;P06;P07;P09;P13;P14;P29
median_dollar_volume_20d_log,volume_liquidity,unadjusted_close;original_unit_volume;historical_currency;fx_quotes,fx;historical_universe;ohlcv,historical_universe,MNB dated publications or historical ECB fixings; fallback timestamped historical FX entitlement after rights review | US dated SEC/venue records; EU OAM/venue archives; fallback Sharadar bounded actions plus historical seed; CRSP US; EU LSEG scope enquiry | dated exchange/vendor raw sessions; fallback EODHD regional entitlement or Sharadar US plus validated factors,METHODOLOGY_BLOCKED_BY_DATA,no admitted source coverage; empirical missingness rate undefined (zero rows),requires_pit_fx_conversion_to_usd,date-only quote and unknown historical correction/availability | active/delisted primary identity and known-at intervals absent | EU missing; actions and original-unit volume unreconciled,false,P01;P02;P06;P08;P13;P14;P18;P20;P25;P26;P29;P30
amihud_illiquidity_20d_log,volume_liquidity,price_history;corporate_actions;unadjusted_close;original_unit_volume;historical_currency;fx_quotes,corporate_actions;fx;historical_universe;ohlcv,historical_universe,dated issuer/exchange corporate notices; fallback Sharadar US actions; EU event export with terms proof | MNB dated publications or historical ECB fixings; fallback timestamped historical FX entitlement after rights review | US dated SEC/venue records; EU OAM/venue archives; fallback Sharadar bounded actions plus historical seed; CRSP US; EU LSEG scope enquiry | dated exchange/vendor raw sessions; fallback EODHD regional entitlement or Sharadar US plus validated factors,METHODOLOGY_BLOCKED_BY_DATA,no admitted source coverage; empirical missingness rate undefined (zero rows),requires_pit_fx_conversion_to_usd,missing identity events spin-offs terminal proceeds and known-at revisions | date-only quote and unknown historical correction/availability | active/delisted primary identity and known-at intervals absent | EU missing; actions and original-unit volume unreconciled,false,P01;P02;P06;P07;P08;P09;P13;P14;P18;P20;P25;P26;P29;P30
return_relative_sector_20d_raw,relative_strength,price_history;market;classification;membership;corporate_actions,corporate_actions;historical_universe;market_context;ohlcv,historical_universe,dated issuer/exchange corporate notices; fallback Sharadar US actions; EU event export with terms proof | US dated SEC/venue records; EU OAM/venue archives; fallback Sharadar bounded actions plus historical seed; CRSP US; EU LSEG scope enquiry | index-owner dated series/mappings and historical sector notices; fallback index-owner history entitlement; bounded vendor series | dated exchange/vendor raw sessions; fallback EODHD regional entitlement or Sharadar US plus validated factors,METHODOLOGY_BLOCKED_BY_DATA,no admitted source coverage; empirical missingness rate undefined (zero rows),eligible_sector_members,missing identity events spin-offs terminal proceeds and known-at revisions | active/delisted primary identity and known-at intervals absent | no admitted historical classification benchmark calendar or volatility context | EU missing; actions and original-unit volume unreconciled,false,P01;P02;P03;P06;P07;P08;P09;P13;P14;P18;P20;P29;P30
return_relative_sector_60d_raw,relative_strength,price_history;market;classification;membership;corporate_actions,corporate_actions;historical_universe;market_context;ohlcv,historical_universe,dated issuer/exchange corporate notices; fallback Sharadar US actions; EU event export with terms proof | US dated SEC/venue records; EU OAM/venue archives; fallback Sharadar bounded actions plus historical seed; CRSP US; EU LSEG scope enquiry | index-owner dated series/mappings and historical sector notices; fallback index-owner history entitlement; bounded vendor series | dated exchange/vendor raw sessions; fallback EODHD regional entitlement or Sharadar US plus validated factors,METHODOLOGY_BLOCKED_BY_DATA,no admitted source coverage; empirical missingness rate undefined (zero rows),eligible_sector_members,missing identity events spin-offs terminal proceeds and known-at revisions | active/delisted primary identity and known-at intervals absent | no admitted historical classification benchmark calendar or volatility context | EU missing; actions and original-unit volume unreconciled,false,P01;P02;P03;P06;P07;P08;P09;P13;P14;P18;P20;P29;P30
return_relative_sector_120d_raw,relative_strength,price_history;market;classification;membership;corporate_actions,corporate_actions;historical_universe;market_context;ohlcv,historical_universe,dated issuer/exchange corporate notices; fallback Sharadar US actions; EU event export with terms proof | US dated SEC/venue records; EU OAM/venue archives; fallback Sharadar bounded actions plus historical seed; CRSP US; EU LSEG scope enquiry | index-owner dated series/mappings and historical sector notices; fallback index-owner history entitlement; bounded vendor series | dated exchange/vendor raw sessions; fallback EODHD regional entitlement or Sharadar US plus validated factors,METHODOLOGY_BLOCKED_BY_DATA,no admitted source coverage; empirical missingness rate undefined (zero rows),eligible_sector_members,missing identity events spin-offs terminal proceeds and known-at revisions | active/delisted primary identity and known-at intervals absent | no admitted historical classification benchmark calendar or volatility context | EU missing; actions and original-unit volume unreconciled,false,P01;P02;P03;P06;P07;P08;P09;P13;P14;P18;P20;P29;P30
return_relative_market_20d_raw,relative_strength,price_history;market;membership;corporate_actions,corporate_actions;historical_universe;market_context;ohlcv,historical_universe,dated issuer/exchange corporate notices; fallback Sharadar US actions; EU event export with terms proof | US dated SEC/venue records; EU OAM/venue archives; fallback Sharadar bounded actions plus historical seed; CRSP US; EU LSEG scope enquiry | index-owner dated series/mappings and historical sector notices; fallback index-owner history entitlement; bounded vendor series | dated exchange/vendor raw sessions; fallback EODHD regional entitlement or Sharadar US plus validated factors,METHODOLOGY_BLOCKED_BY_DATA,no admitted source coverage; empirical missingness rate undefined (zero rows),all_eligible_equities,missing identity events spin-offs terminal proceeds and known-at revisions | active/delisted primary identity and known-at intervals absent | no admitted historical classification benchmark calendar or volatility context | EU missing; actions and original-unit volume unreconciled,false,P01;P02;P03;P06;P07;P08;P09;P13;P14;P18;P20;P29;P30
return_relative_market_60d_raw,relative_strength,price_history;market;membership;corporate_actions,corporate_actions;historical_universe;market_context;ohlcv,historical_universe,dated issuer/exchange corporate notices; fallback Sharadar US actions; EU event export with terms proof | US dated SEC/venue records; EU OAM/venue archives; fallback Sharadar bounded actions plus historical seed; CRSP US; EU LSEG scope enquiry | index-owner dated series/mappings and historical sector notices; fallback index-owner history entitlement; bounded vendor series | dated exchange/vendor raw sessions; fallback EODHD regional entitlement or Sharadar US plus validated factors,METHODOLOGY_BLOCKED_BY_DATA,no admitted source coverage; empirical missingness rate undefined (zero rows),all_eligible_equities,missing identity events spin-offs terminal proceeds and known-at revisions | active/delisted primary identity and known-at intervals absent | no admitted historical classification benchmark calendar or volatility context | EU missing; actions and original-unit volume unreconciled,false,P01;P02;P03;P06;P07;P08;P09;P13;P14;P18;P20;P29;P30
return_relative_market_120d_raw,relative_strength,price_history;market;membership;corporate_actions,corporate_actions;historical_universe;market_context;ohlcv,historical_universe,dated issuer/exchange corporate notices; fallback Sharadar US actions; EU event export with terms proof | US dated SEC/venue records; EU OAM/venue archives; fallback Sharadar bounded actions plus historical seed; CRSP US; EU LSEG scope enquiry | index-owner dated series/mappings and historical sector notices; fallback index-owner history entitlement; bounded vendor series | dated exchange/vendor raw sessions; fallback EODHD regional entitlement or Sharadar US plus validated factors,METHODOLOGY_BLOCKED_BY_DATA,no admitted source coverage; empirical missingness rate undefined (zero rows),all_eligible_equities,missing identity events spin-offs terminal proceeds and known-at revisions | active/delisted primary identity and known-at intervals absent | no admitted historical classification benchmark calendar or volatility context | EU missing; actions and original-unit volume unreconciled,false,P01;P02;P03;P06;P07;P08;P09;P13;P14;P18;P20;P29;P30
momentum_sector_percentile,relative_strength,price_history;classification;membership;corporate_actions,corporate_actions;historical_universe;market_context;ohlcv,historical_universe,dated issuer/exchange corporate notices; fallback Sharadar US actions; EU event export with terms proof | US dated SEC/venue records; EU OAM/venue archives; fallback Sharadar bounded actions plus historical seed; CRSP US; EU LSEG scope enquiry | index-owner dated series/mappings and historical sector notices; fallback index-owner history entitlement; bounded vendor series | dated exchange/vendor raw sessions; fallback EODHD regional entitlement or Sharadar US plus validated factors,METHODOLOGY_BLOCKED_BY_DATA,no admitted source coverage; empirical missingness rate undefined (zero rows),eligible_sector_members,missing identity events spin-offs terminal proceeds and known-at revisions | active/delisted primary identity and known-at intervals absent | no admitted historical classification benchmark calendar or volatility context | EU missing; actions and original-unit volume unreconciled,false,P01;P02;P03;P06;P07;P08;P09;P13;P14;P18;P20;P29;P30
momentum_universe_percentile,relative_strength,price_history;membership;corporate_actions,corporate_actions;historical_universe;ohlcv,historical_universe,dated issuer/exchange corporate notices; fallback Sharadar US actions; EU event export with terms proof | US dated SEC/venue records; EU OAM/venue archives; fallback Sharadar bounded actions plus historical seed; CRSP US; EU LSEG scope enquiry | dated exchange/vendor raw sessions; fallback EODHD regional entitlement or Sharadar US plus validated factors,METHODOLOGY_BLOCKED_BY_DATA,no admitted source coverage; empirical missingness rate undefined (zero rows),historical_eligible_universe_members,missing identity events spin-offs terminal proceeds and known-at revisions | active/delisted primary identity and known-at intervals absent | EU missing; actions and original-unit volume unreconciled,false,P01;P02;P06;P07;P08;P09;P13;P14;P18;P20;P29;P30
revenue_growth_yoy_raw,fundamentals,fundamentals,fundamentals,historical_universe,SEC original accessions; EU issuer/OAM originals; fallback Sharadar AR US; LSEG EU PIT enquiry,METHODOLOGY_BLOCKED_BY_DATA,no admitted source coverage; empirical missingness rate undefined (zero rows),all_eligible_equities,no normalized vintage sequence and primary-security linkage,false,P05;P11;P15;P19;P20;P28
eps_growth_yoy_raw,fundamentals,fundamentals,fundamentals,historical_universe,SEC original accessions; EU issuer/OAM originals; fallback Sharadar AR US; LSEG EU PIT enquiry,METHODOLOGY_BLOCKED_BY_DATA,no admitted source coverage; empirical missingness rate undefined (zero rows),positive_and_negative_eps_supported,no normalized vintage sequence and primary-security linkage,false,P05;P11;P15;P19;P20;P28
fcf_growth_yoy_raw,fundamentals,fundamentals,fundamentals,historical_universe,SEC original accessions; EU issuer/OAM originals; fallback Sharadar AR US; LSEG EU PIT enquiry,METHODOLOGY_BLOCKED_BY_DATA,no admitted source coverage; empirical missingness rate undefined (zero rows),non_financials_when_economically_meaningful,no normalized vintage sequence and primary-security linkage,false,P05;P11;P15;P19;P20;P28
gross_margin_raw,fundamentals,fundamentals,fundamentals,historical_universe,SEC original accessions; EU issuer/OAM originals; fallback Sharadar AR US; LSEG EU PIT enquiry,METHODOLOGY_BLOCKED_BY_DATA,no admitted source coverage; empirical missingness rate undefined (zero rows),sectors_with_meaningful_gross_profit,no normalized vintage sequence and primary-security linkage,false,P05;P11;P15;P19;P20;P28
operating_margin_raw,fundamentals,fundamentals,fundamentals,historical_universe,SEC original accessions; EU issuer/OAM originals; fallback Sharadar AR US; LSEG EU PIT enquiry,METHODOLOGY_BLOCKED_BY_DATA,no admitted source coverage; empirical missingness rate undefined (zero rows),all_eligible_equities,no normalized vintage sequence and primary-security linkage,false,P05;P11;P15;P19;P20;P28
fcf_margin_raw,fundamentals,fundamentals,fundamentals,historical_universe,SEC original accessions; EU issuer/OAM originals; fallback Sharadar AR US; LSEG EU PIT enquiry,METHODOLOGY_BLOCKED_BY_DATA,no admitted source coverage; empirical missingness rate undefined (zero rows),non_financials_when_economically_meaningful,no normalized vintage sequence and primary-security linkage,false,P05;P11;P15;P19;P20;P28
roic_raw,fundamentals,fundamentals,fundamentals,historical_universe,SEC original accessions; EU issuer/OAM originals; fallback Sharadar AR US; LSEG EU PIT enquiry,METHODOLOGY_BLOCKED_BY_DATA,no admitted source coverage; empirical missingness rate undefined (zero rows),non_financials_when_economically_meaningful,no normalized vintage sequence and primary-security linkage,false,P05;P11;P15;P19;P20;P28
roe_raw,fundamentals,fundamentals,fundamentals,historical_universe,SEC original accessions; EU issuer/OAM originals; fallback Sharadar AR US; LSEG EU PIT enquiry,METHODOLOGY_BLOCKED_BY_DATA,no admitted source coverage; empirical missingness rate undefined (zero rows),all_eligible_equities,no normalized vintage sequence and primary-security linkage,false,P05;P11;P15;P19;P20;P28
net_debt_to_ebitda_raw,fundamentals,fundamentals,fundamentals,historical_universe,SEC original accessions; EU issuer/OAM originals; fallback Sharadar AR US; LSEG EU PIT enquiry,METHODOLOGY_BLOCKED_BY_DATA,no admitted source coverage; empirical missingness rate undefined (zero rows),non_financials_when_economically_meaningful,no normalized vintage sequence and primary-security linkage,false,P05;P11;P15;P19;P20;P28
interest_coverage_raw,fundamentals,fundamentals,fundamentals,historical_universe,SEC original accessions; EU issuer/OAM originals; fallback Sharadar AR US; LSEG EU PIT enquiry,METHODOLOGY_BLOCKED_BY_DATA,no admitted source coverage; empirical missingness rate undefined (zero rows),companies_with_meaningful_interest_expense,no normalized vintage sequence and primary-security linkage,false,P05;P11;P15;P19;P20;P28
share_dilution_yoy_raw,fundamentals,fundamentals,fundamentals,historical_universe,SEC original accessions; EU issuer/OAM originals; fallback Sharadar AR US; LSEG EU PIT enquiry,METHODOLOGY_BLOCKED_BY_DATA,no admitted source coverage; empirical missingness rate undefined (zero rows),companies_with_comparable_share_counts,no normalized vintage sequence and primary-security linkage,false,P05;P11;P15;P19;P20;P28
last_known_earnings_surprise_raw,fundamentals,fundamentals,fundamentals,historical_universe,SEC original accessions; EU issuer/OAM originals; fallback Sharadar AR US; LSEG EU PIT enquiry,METHODOLOGY_BLOCKED_BY_DATA,no admitted source coverage; empirical missingness rate undefined (zero rows),reliable_point_in_time_estimate_history,no normalized vintage sequence and primary-security linkage,false,P05;P11;P15;P19;P20;P28
trailing_pe_raw,valuation,fundamentals;price_history,fundamentals;ohlcv,historical_universe,SEC original accessions; EU issuer/OAM originals; fallback Sharadar AR US; LSEG EU PIT enquiry | dated exchange/vendor raw sessions; fallback EODHD regional entitlement or Sharadar US plus validated factors,METHODOLOGY_BLOCKED_BY_DATA,no admitted source coverage; empirical missingness rate undefined (zero rows),positive_trailing_eps,no normalized vintage sequence and primary-security linkage | EU missing; actions and original-unit volume unreconciled,false,P02;P05;P06;P11;P14;P15;P19;P20;P28;P29
trailing_pe_sector_percentile,valuation,fundamentals;price_history;classification;membership,fundamentals;historical_universe;market_context;ohlcv,historical_universe,SEC original accessions; EU issuer/OAM originals; fallback Sharadar AR US; LSEG EU PIT enquiry | US dated SEC/venue records; EU OAM/venue archives; fallback Sharadar bounded actions plus historical seed; CRSP US; EU LSEG scope enquiry | index-owner dated series/mappings and historical sector notices; fallback index-owner history entitlement; bounded vendor series | dated exchange/vendor raw sessions; fallback EODHD regional entitlement or Sharadar US plus validated factors,METHODOLOGY_BLOCKED_BY_DATA,no admitted source coverage; empirical missingness rate undefined (zero rows),positive_trailing_eps_in_eligible_sector,no normalized vintage sequence and primary-security linkage | active/delisted primary identity and known-at intervals absent | no admitted historical classification benchmark calendar or volatility context | EU missing; actions and original-unit volume unreconciled,false,P01;P02;P03;P05;P06;P08;P09;P11;P13;P14;P15;P18;P19;P20;P28;P29;P30
trailing_pe_own_history_zscore,valuation,fundamentals;price_history,fundamentals;ohlcv,historical_universe,SEC original accessions; EU issuer/OAM originals; fallback Sharadar AR US; LSEG EU PIT enquiry | dated exchange/vendor raw sessions; fallback EODHD regional entitlement or Sharadar US plus validated factors,METHODOLOGY_BLOCKED_BY_DATA,no admitted source coverage; empirical missingness rate undefined (zero rows),positive_trailing_eps_with_sufficient_history,no normalized vintage sequence and primary-security linkage | EU missing; actions and original-unit volume unreconciled,false,P02;P05;P06;P11;P14;P15;P19;P20;P28;P29
ev_to_ebitda_raw,valuation,fundamentals;price_history,fundamentals;ohlcv,historical_universe,SEC original accessions; EU issuer/OAM originals; fallback Sharadar AR US; LSEG EU PIT enquiry | dated exchange/vendor raw sessions; fallback EODHD regional entitlement or Sharadar US plus validated factors,METHODOLOGY_BLOCKED_BY_DATA,no admitted source coverage; empirical missingness rate undefined (zero rows),non_financials_when_economically_meaningful,no normalized vintage sequence and primary-security linkage | EU missing; actions and original-unit volume unreconciled,false,P02;P05;P06;P11;P14;P15;P19;P20;P28;P29
ev_to_ebitda_sector_percentile,valuation,fundamentals;price_history;classification;membership,fundamentals;historical_universe;market_context;ohlcv,historical_universe,SEC original accessions; EU issuer/OAM originals; fallback Sharadar AR US; LSEG EU PIT enquiry | US dated SEC/venue records; EU OAM/venue archives; fallback Sharadar bounded actions plus historical seed; CRSP US; EU LSEG scope enquiry | index-owner dated series/mappings and historical sector notices; fallback index-owner history entitlement; bounded vendor series | dated exchange/vendor raw sessions; fallback EODHD regional entitlement or Sharadar US plus validated factors,METHODOLOGY_BLOCKED_BY_DATA,no admitted source coverage; empirical missingness rate undefined (zero rows),applicable_non_financial_eligible_sector,no normalized vintage sequence and primary-security linkage | active/delisted primary identity and known-at intervals absent | no admitted historical classification benchmark calendar or volatility context | EU missing; actions and original-unit volume unreconciled,false,P01;P02;P03;P05;P06;P08;P09;P11;P13;P14;P15;P18;P19;P20;P28;P29;P30
ev_to_ebitda_own_history_zscore,valuation,fundamentals;price_history,fundamentals;ohlcv,historical_universe,SEC original accessions; EU issuer/OAM originals; fallback Sharadar AR US; LSEG EU PIT enquiry | dated exchange/vendor raw sessions; fallback EODHD regional entitlement or Sharadar US plus validated factors,METHODOLOGY_BLOCKED_BY_DATA,no admitted source coverage; empirical missingness rate undefined (zero rows),applicable_non_financial_with_sufficient_history,no normalized vintage sequence and primary-security linkage | EU missing; actions and original-unit volume unreconciled,false,P02;P05;P06;P11;P14;P15;P19;P20;P28;P29
price_to_sales_raw,valuation,fundamentals;price_history,fundamentals;ohlcv,historical_universe,SEC original accessions; EU issuer/OAM originals; fallback Sharadar AR US; LSEG EU PIT enquiry | dated exchange/vendor raw sessions; fallback EODHD regional entitlement or Sharadar US plus validated factors,METHODOLOGY_BLOCKED_BY_DATA,no admitted source coverage; empirical missingness rate undefined (zero rows),all_eligible_equities,no normalized vintage sequence and primary-security linkage | EU missing; actions and original-unit volume unreconciled,false,P02;P05;P06;P11;P14;P15;P19;P20;P28;P29
fcf_yield_raw,valuation,fundamentals;price_history,fundamentals;ohlcv,historical_universe,SEC original accessions; EU issuer/OAM originals; fallback Sharadar AR US; LSEG EU PIT enquiry | dated exchange/vendor raw sessions; fallback EODHD regional entitlement or Sharadar US plus validated factors,METHODOLOGY_BLOCKED_BY_DATA,no admitted source coverage; empirical missingness rate undefined (zero rows),non_financials_when_economically_meaningful,no normalized vintage sequence and primary-security linkage | EU missing; actions and original-unit volume unreconciled,false,P02;P05;P06;P11;P14;P15;P19;P20;P28;P29
fcf_yield_sector_percentile,valuation,fundamentals;price_history;classification;membership,fundamentals;historical_universe;market_context;ohlcv,historical_universe,SEC original accessions; EU issuer/OAM originals; fallback Sharadar AR US; LSEG EU PIT enquiry | US dated SEC/venue records; EU OAM/venue archives; fallback Sharadar bounded actions plus historical seed; CRSP US; EU LSEG scope enquiry | index-owner dated series/mappings and historical sector notices; fallback index-owner history entitlement; bounded vendor series | dated exchange/vendor raw sessions; fallback EODHD regional entitlement or Sharadar US plus validated factors,METHODOLOGY_BLOCKED_BY_DATA,no admitted source coverage; empirical missingness rate undefined (zero rows),applicable_non_financial_eligible_sector,no normalized vintage sequence and primary-security linkage | active/delisted primary identity and known-at intervals absent | no admitted historical classification benchmark calendar or volatility context | EU missing; actions and original-unit volume unreconciled,false,P01;P02;P03;P05;P06;P08;P09;P11;P13;P14;P15;P18;P19;P20;P28;P29;P30
fcf_yield_own_history_zscore,valuation,fundamentals;price_history,fundamentals;ohlcv,historical_universe,SEC original accessions; EU issuer/OAM originals; fallback Sharadar AR US; LSEG EU PIT enquiry | dated exchange/vendor raw sessions; fallback EODHD regional entitlement or Sharadar US plus validated factors,METHODOLOGY_BLOCKED_BY_DATA,no admitted source coverage; empirical missingness rate undefined (zero rows),applicable_non_financial_with_sufficient_history,no normalized vintage sequence and primary-security linkage | EU missing; actions and original-unit volume unreconciled,false,P02;P05;P06;P11;P14;P15;P19;P20;P28;P29
broad_market_momentum_20d_raw,market_cross_asset,market;corporate_actions,corporate_actions;market_context,historical_universe,dated issuer/exchange corporate notices; fallback Sharadar US actions; EU event export with terms proof | index-owner dated series/mappings and historical sector notices; fallback index-owner history entitlement; bounded vendor series,METHODOLOGY_BLOCKED_BY_DATA,no admitted source coverage; empirical missingness rate undefined (zero rows),security_region,missing identity events spin-offs terminal proceeds and known-at revisions | no admitted historical classification benchmark calendar or volatility context,false,P01;P03;P07;P08;P09;P13;P14
broad_market_momentum_60d_raw,market_cross_asset,market;corporate_actions,corporate_actions;market_context,historical_universe,dated issuer/exchange corporate notices; fallback Sharadar US actions; EU event export with terms proof | index-owner dated series/mappings and historical sector notices; fallback index-owner history entitlement; bounded vendor series,METHODOLOGY_BLOCKED_BY_DATA,no admitted source coverage; empirical missingness rate undefined (zero rows),security_region,missing identity events spin-offs terminal proceeds and known-at revisions | no admitted historical classification benchmark calendar or volatility context,false,P01;P03;P07;P08;P09;P13;P14
sector_momentum_20d_raw,market_cross_asset,market;classification;corporate_actions,corporate_actions;market_context,historical_universe,dated issuer/exchange corporate notices; fallback Sharadar US actions; EU event export with terms proof | index-owner dated series/mappings and historical sector notices; fallback index-owner history entitlement; bounded vendor series,METHODOLOGY_BLOCKED_BY_DATA,no admitted source coverage; empirical missingness rate undefined (zero rows),mapped_sector_benchmark,missing identity events spin-offs terminal proceeds and known-at revisions | no admitted historical classification benchmark calendar or volatility context,false,P01;P03;P07;P08;P09;P13;P14
sector_momentum_60d_raw,market_cross_asset,market;classification;corporate_actions,corporate_actions;market_context,historical_universe,dated issuer/exchange corporate notices; fallback Sharadar US actions; EU event export with terms proof | index-owner dated series/mappings and historical sector notices; fallback index-owner history entitlement; bounded vendor series,METHODOLOGY_BLOCKED_BY_DATA,no admitted source coverage; empirical missingness rate undefined (zero rows),mapped_sector_benchmark,missing identity events spin-offs terminal proceeds and known-at revisions | no admitted historical classification benchmark calendar or volatility context,false,P01;P03;P07;P08;P09;P13;P14
vix_level_raw,market_cross_asset,market,market_context,historical_universe,index-owner dated series/mappings and historical sector notices; fallback index-owner history entitlement; bounded vendor series,METHODOLOGY_BLOCKED_BY_DATA,no admitted source coverage; empirical missingness rate undefined (zero rows),all_eligible_equities,no admitted historical classification benchmark calendar or volatility context,false,P03;P08;P09;P14
vix_acceleration_raw,market_cross_asset,market,market_context,historical_universe,index-owner dated series/mappings and historical sector notices; fallback index-owner history entitlement; bounded vendor series,METHODOLOGY_BLOCKED_BY_DATA,no admitted source coverage; empirical missingness rate undefined (zero rows),all_eligible_equities,no admitted historical classification benchmark calendar or volatility context,false,P03;P08;P09;P14
days_to_announced_earnings_raw,event_calendar,event_calendar,event_calendars,historical_universe,original dated schedule announcements and issuer notices; fallback vendor schedule archive only after known-at sample proof,METHODOLOGY_BLOCKED_BY_DATA,no admitted source coverage; empirical missingness rate undefined (zero rows),announced_future_event_only,no ex-ante earnings or complete US/EU schedule vintage ledger,false,P27;P28
announced_earnings_within_5d,event_calendar,event_calendar,event_calendars,historical_universe,original dated schedule announcements and issuer notices; fallback vendor schedule archive only after known-at sample proof,METHODOLOGY_BLOCKED_BY_DATA,no admitted source coverage; empirical missingness rate undefined (zero rows),announced_future_event_only,no ex-ante earnings or complete US/EU schedule vintage ledger,false,P27;P28
announced_earnings_within_20d,event_calendar,event_calendar,event_calendars,historical_universe,original dated schedule announcements and issuer notices; fallback vendor schedule archive only after known-at sample proof,METHODOLOGY_BLOCKED_BY_DATA,no admitted source coverage; empirical missingness rate undefined (zero rows),announced_future_event_only,no ex-ante earnings or complete US/EU schedule vintage ledger,false,P27;P28
days_to_relevant_policy_decision_raw,event_calendar,event_calendar;classification,event_calendars;market_context,historical_universe,original dated schedule announcements and issuer notices; fallback vendor schedule archive only after known-at sample proof | index-owner dated series/mappings and historical sector notices; fallback index-owner history entitlement; bounded vendor series,METHODOLOGY_BLOCKED_BY_DATA,no admitted source coverage; empirical missingness rate undefined (zero rows),security_monetary_jurisdiction,no ex-ante earnings or complete US/EU schedule vintage ledger | no admitted historical classification benchmark calendar or volatility context,false,P03;P08;P09;P14;P27;P28
major_policy_event_within_5d,event_calendar,event_calendar;classification,event_calendars;market_context,historical_universe,original dated schedule announcements and issuer notices; fallback vendor schedule archive only after known-at sample proof | index-owner dated series/mappings and historical sector notices; fallback index-owner history entitlement; bounded vendor series,METHODOLOGY_BLOCKED_BY_DATA,no admitted source coverage; empirical missingness rate undefined (zero rows),security_monetary_jurisdiction,no ex-ante earnings or complete US/EU schedule vintage ledger | no admitted historical classification benchmark calendar or volatility context,false,P03;P08;P09;P14;P27;P28
days_to_relevant_inflation_release_raw,event_calendar,event_calendar;classification,event_calendars;market_context,historical_universe,original dated schedule announcements and issuer notices; fallback vendor schedule archive only after known-at sample proof | index-owner dated series/mappings and historical sector notices; fallback index-owner history entitlement; bounded vendor series,METHODOLOGY_BLOCKED_BY_DATA,no admitted source coverage; empirical missingness rate undefined (zero rows),security_region,no ex-ante earnings or complete US/EU schedule vintage ledger | no admitted historical classification benchmark calendar or volatility context,false,P03;P08;P09;P14;P27;P28
region_category,structural,classification;membership,historical_universe;market_context,historical_universe,US dated SEC/venue records; EU OAM/venue archives; fallback Sharadar bounded actions plus historical seed; CRSP US; EU LSEG scope enquiry | index-owner dated series/mappings and historical sector notices; fallback index-owner history entitlement; bounded vendor series,METHODOLOGY_BLOCKED_BY_DATA,no admitted source coverage; empirical missingness rate undefined (zero rows),all_eligible_equities,active/delisted primary identity and known-at intervals absent | no admitted historical classification benchmark calendar or volatility context,false,P01;P03;P08;P09;P13;P14;P18;P20;P30
sector_category,structural,classification;membership,historical_universe;market_context,historical_universe,US dated SEC/venue records; EU OAM/venue archives; fallback Sharadar bounded actions plus historical seed; CRSP US; EU LSEG scope enquiry | index-owner dated series/mappings and historical sector notices; fallback index-owner history entitlement; bounded vendor series,METHODOLOGY_BLOCKED_BY_DATA,no admitted source coverage; empirical missingness rate undefined (zero rows),all_eligible_equities,active/delisted primary identity and known-at intervals absent | no admitted historical classification benchmark calendar or volatility context,false,P01;P03;P08;P09;P13;P14;P18;P20;P30
market_cap_bucket,structural,fundamentals;unadjusted_close;historical_currency;fx_quotes;membership,fundamentals;fx;historical_universe;ohlcv,historical_universe,SEC original accessions; EU issuer/OAM originals; fallback Sharadar AR US; LSEG EU PIT enquiry | MNB dated publications or historical ECB fixings; fallback timestamped historical FX entitlement after rights review | US dated SEC/venue records; EU OAM/venue archives; fallback Sharadar bounded actions plus historical seed; CRSP US; EU LSEG scope enquiry | dated exchange/vendor raw sessions; fallback EODHD regional entitlement or Sharadar US plus validated factors,METHODOLOGY_BLOCKED_BY_DATA,no admitted source coverage; empirical missingness rate undefined (zero rows),all_eligible_equities,no normalized vintage sequence and primary-security linkage | date-only quote and unknown historical correction/availability | active/delisted primary identity and known-at intervals absent | EU missing; actions and original-unit volume unreconciled,false,P01;P02;P05;P06;P08;P11;P13;P14;P15;P18;P19;P20;P25;P26;P28;P29;P30
beta_bucket,structural,price_history;market;corporate_actions,corporate_actions;market_context;ohlcv,historical_universe,dated issuer/exchange corporate notices; fallback Sharadar US actions; EU event export with terms proof | index-owner dated series/mappings and historical sector notices; fallback index-owner history entitlement; bounded vendor series | dated exchange/vendor raw sessions; fallback EODHD regional entitlement or Sharadar US plus validated factors,METHODOLOGY_BLOCKED_BY_DATA,no admitted source coverage; empirical missingness rate undefined (zero rows),all_eligible_equities,missing identity events spin-offs terminal proceeds and known-at revisions | no admitted historical classification benchmark calendar or volatility context | EU missing; actions and original-unit volume unreconciled,false,P01;P02;P03;P06;P07;P08;P09;P13;P14;P29
headline_inflation_level_raw,macro,macro;classification,macro;market_context,historical_universe,original BLS/Fed/Treasury/ECB/Eurostat dated releases with independent rights; fallback licensed original-vintage archive only for remaining proven gap | index-owner dated series/mappings and historical sector notices; fallback index-owner history entitlement; bounded vendor series,METHODOLOGY_BLOCKED_BY_DATA,no admitted source coverage; empirical missingness rate undefined (zero rows),security_region,incomplete basket publication clocks vintage completeness and use rights | no admitted historical classification benchmark calendar or volatility context,false,P03;P08;P09;P14;P21;P22;P23
core_inflation_level_raw,macro,macro;classification,macro;market_context,historical_universe,original BLS/Fed/Treasury/ECB/Eurostat dated releases with independent rights; fallback licensed original-vintage archive only for remaining proven gap | index-owner dated series/mappings and historical sector notices; fallback index-owner history entitlement; bounded vendor series,METHODOLOGY_BLOCKED_BY_DATA,no admitted source coverage; empirical missingness rate undefined (zero rows),security_region,incomplete basket publication clocks vintage completeness and use rights | no admitted historical classification benchmark calendar or volatility context,false,P03;P08;P09;P14;P21;P22;P23
unemployment_rate_level_raw,macro,macro;classification,macro;market_context,historical_universe,original BLS/Fed/Treasury/ECB/Eurostat dated releases with independent rights; fallback licensed original-vintage archive only for remaining proven gap | index-owner dated series/mappings and historical sector notices; fallback index-owner history entitlement; bounded vendor series,METHODOLOGY_BLOCKED_BY_DATA,no admitted source coverage; empirical missingness rate undefined (zero rows),security_region,incomplete basket publication clocks vintage completeness and use rights | no admitted historical classification benchmark calendar or volatility context,false,P03;P08;P09;P14;P21;P22;P23
policy_rate_level_raw,macro,macro;classification,macro;market_context,historical_universe,original BLS/Fed/Treasury/ECB/Eurostat dated releases with independent rights; fallback licensed original-vintage archive only for remaining proven gap | index-owner dated series/mappings and historical sector notices; fallback index-owner history entitlement; bounded vendor series,METHODOLOGY_BLOCKED_BY_DATA,no admitted source coverage; empirical missingness rate undefined (zero rows),security_monetary_jurisdiction,incomplete basket publication clocks vintage completeness and use rights | no admitted historical classification benchmark calendar or volatility context,false,P03;P08;P09;P14;P21;P22;P23
policy_rate_change_3m_raw,macro,macro;classification,macro;market_context,historical_universe,original BLS/Fed/Treasury/ECB/Eurostat dated releases with independent rights; fallback licensed original-vintage archive only for remaining proven gap | index-owner dated series/mappings and historical sector notices; fallback index-owner history entitlement; bounded vendor series,METHODOLOGY_BLOCKED_BY_DATA,no admitted source coverage; empirical missingness rate undefined (zero rows),security_monetary_jurisdiction,incomplete basket publication clocks vintage completeness and use rights | no admitted historical classification benchmark calendar or volatility context,false,P03;P08;P09;P14;P21;P22;P23
us_yield_curve_10y_2y_raw,macro,macro,macro,historical_universe,original BLS/Fed/Treasury/ECB/Eurostat dated releases with independent rights; fallback licensed original-vintage archive only for remaining proven gap,METHODOLOGY_BLOCKED_BY_DATA,no admitted source coverage; empirical missingness rate undefined (zero rows),region_us,incomplete basket publication clocks vintage completeness and use rights,false,P21;P22;P23
us_yield_curve_10y_3m_raw,macro,macro,macro,historical_universe,original BLS/Fed/Treasury/ECB/Eurostat dated releases with independent rights; fallback licensed original-vintage archive only for remaining proven gap,METHODOLOGY_BLOCKED_BY_DATA,no admitted source coverage; empirical missingness rate undefined (zero rows),region_us,incomplete basket publication clocks vintage completeness and use rights,false,P21;P22;P23
eu_sovereign_curve_proxy_raw,macro,macro,macro,historical_universe,original BLS/Fed/Treasury/ECB/Eurostat dated releases with independent rights; fallback licensed original-vintage archive only for remaining proven gap,METHODOLOGY_BLOCKED_BY_DATA,no admitted source coverage; empirical missingness rate undefined (zero rows),region_eu,incomplete basket publication clocks vintage completeness and use rights,false,P21;P22;P23
high_yield_spread_raw,macro,macro;classification,macro;market_context,historical_universe,original BLS/Fed/Treasury/ECB/Eurostat dated releases with independent rights; fallback licensed original-vintage archive only for remaining proven gap | index-owner dated series/mappings and historical sector notices; fallback index-owner history entitlement; bounded vendor series,METHODOLOGY_BLOCKED_BY_DATA,no admitted source coverage; empirical missingness rate undefined (zero rows),security_region,incomplete basket publication clocks vintage completeness and use rights | no admitted historical classification benchmark calendar or volatility context,false,P03;P08;P09;P14;P21;P22;P23
investment_grade_spread_raw,macro,macro;classification,macro;market_context,historical_universe,original BLS/Fed/Treasury/ECB/Eurostat dated releases with independent rights; fallback licensed original-vintage archive only for remaining proven gap | index-owner dated series/mappings and historical sector notices; fallback index-owner history entitlement; bounded vendor series,METHODOLOGY_BLOCKED_BY_DATA,no admitted source coverage; empirical missingness rate undefined (zero rows),security_region,incomplete basket publication clocks vintage completeness and use rights | no admitted historical classification benchmark calendar or volatility context,false,P03;P08;P09;P14;P21;P22;P23
financial_conditions_level_raw,macro,macro;classification,macro;market_context,historical_universe,original BLS/Fed/Treasury/ECB/Eurostat dated releases with independent rights; fallback licensed original-vintage archive only for remaining proven gap | index-owner dated series/mappings and historical sector notices; fallback index-owner history entitlement; bounded vendor series,METHODOLOGY_BLOCKED_BY_DATA,no admitted source coverage; empirical missingness rate undefined (zero rows),security_region,incomplete basket publication clocks vintage completeness and use rights | no admitted historical classification benchmark calendar or volatility context,false,P03;P08;P09;P14;P21;P22;P23
central_bank_liquidity_change_3m_raw,macro,macro;classification,macro;market_context,historical_universe,original BLS/Fed/Treasury/ECB/Eurostat dated releases with independent rights; fallback licensed original-vintage archive only for remaining proven gap | index-owner dated series/mappings and historical sector notices; fallback index-owner history entitlement; bounded vendor series,METHODOLOGY_BLOCKED_BY_DATA,no admitted source coverage; empirical missingness rate undefined (zero rows),security_monetary_jurisdiction,incomplete basket publication clocks vintage completeness and use rights | no admitted historical classification benchmark calendar or volatility context,false,P03;P08;P09;P14;P21;P22;P23
global_risk_off_level_raw,macro,macro,macro,historical_universe,original BLS/Fed/Treasury/ECB/Eurostat dated releases with independent rights; fallback licensed original-vintage archive only for remaining proven gap,METHODOLOGY_BLOCKED_BY_DATA,no admitted source coverage; empirical missingness rate undefined (zero rows),all_eligible_equities,incomplete basket publication clocks vintage completeness and use rights,false,P21;P22;P23
regime_interpretable_expansion_risk_on_probability,regime,macro;market,macro;market_context,historical_universe,original BLS/Fed/Treasury/ECB/Eurostat dated releases with independent rights; fallback licensed original-vintage archive only for remaining proven gap | index-owner dated series/mappings and historical sector notices; fallback index-owner history entitlement; bounded vendor series,METHODOLOGY_BLOCKED_BY_DATA,inactive candidate slots omitted; active candidate blocked by unadmitted inputs,explicit active candidate only,incomplete basket publication clocks vintage completeness and use rights | no admitted historical classification benchmark calendar or volatility context,false,P03;P08;P09;P14;P21;P22;P23
regime_interpretable_correction_probability,regime,macro;market,macro;market_context,historical_universe,original BLS/Fed/Treasury/ECB/Eurostat dated releases with independent rights; fallback licensed original-vintage archive only for remaining proven gap | index-owner dated series/mappings and historical sector notices; fallback index-owner history entitlement; bounded vendor series,METHODOLOGY_BLOCKED_BY_DATA,inactive candidate slots omitted; active candidate blocked by unadmitted inputs,explicit active candidate only,incomplete basket publication clocks vintage completeness and use rights | no admitted historical classification benchmark calendar or volatility context,false,P03;P08;P09;P14;P21;P22;P23
regime_interpretable_high_vol_stress_probability,regime,macro;market,macro;market_context,historical_universe,original BLS/Fed/Treasury/ECB/Eurostat dated releases with independent rights; fallback licensed original-vintage archive only for remaining proven gap | index-owner dated series/mappings and historical sector notices; fallback index-owner history entitlement; bounded vendor series,METHODOLOGY_BLOCKED_BY_DATA,inactive candidate slots omitted; active candidate blocked by unadmitted inputs,explicit active candidate only,incomplete basket publication clocks vintage completeness and use rights | no admitted historical classification benchmark calendar or volatility context,false,P03;P08;P09;P14;P21;P22;P23
regime_interpretable_crisis_probability,regime,macro;market,macro;market_context,historical_universe,original BLS/Fed/Treasury/ECB/Eurostat dated releases with independent rights; fallback licensed original-vintage archive only for remaining proven gap | index-owner dated series/mappings and historical sector notices; fallback index-owner history entitlement; bounded vendor series,METHODOLOGY_BLOCKED_BY_DATA,inactive candidate slots omitted; active candidate blocked by unadmitted inputs,explicit active candidate only,incomplete basket publication clocks vintage completeness and use rights | no admitted historical classification benchmark calendar or volatility context,false,P03;P08;P09;P14;P21;P22;P23
regime_interpretable_recovery_probability,regime,macro;market,macro;market_context,historical_universe,original BLS/Fed/Treasury/ECB/Eurostat dated releases with independent rights; fallback licensed original-vintage archive only for remaining proven gap | index-owner dated series/mappings and historical sector notices; fallback index-owner history entitlement; bounded vendor series,METHODOLOGY_BLOCKED_BY_DATA,inactive candidate slots omitted; active candidate blocked by unadmitted inputs,explicit active candidate only,incomplete basket publication clocks vintage completeness and use rights | no admitted historical classification benchmark calendar or volatility context,false,P03;P08;P09;P14;P21;P22;P23
regime_state_0_probability,regime,macro;market,macro;market_context,historical_universe,original BLS/Fed/Treasury/ECB/Eurostat dated releases with independent rights; fallback licensed original-vintage archive only for remaining proven gap | index-owner dated series/mappings and historical sector notices; fallback index-owner history entitlement; bounded vendor series,METHODOLOGY_BLOCKED_BY_DATA,inactive candidate slots omitted; active candidate blocked by unadmitted inputs,explicit active candidate only,incomplete basket publication clocks vintage completeness and use rights | no admitted historical classification benchmark calendar or volatility context,false,P03;P08;P09;P14;P21;P22;P23
regime_state_1_probability,regime,macro;market,macro;market_context,historical_universe,original BLS/Fed/Treasury/ECB/Eurostat dated releases with independent rights; fallback licensed original-vintage archive only for remaining proven gap | index-owner dated series/mappings and historical sector notices; fallback index-owner history entitlement; bounded vendor series,METHODOLOGY_BLOCKED_BY_DATA,inactive candidate slots omitted; active candidate blocked by unadmitted inputs,explicit active candidate only,incomplete basket publication clocks vintage completeness and use rights | no admitted historical classification benchmark calendar or volatility context,false,P03;P08;P09;P14;P21;P22;P23
regime_state_2_probability,regime,macro;market,macro;market_context,historical_universe,original BLS/Fed/Treasury/ECB/Eurostat dated releases with independent rights; fallback licensed original-vintage archive only for remaining proven gap | index-owner dated series/mappings and historical sector notices; fallback index-owner history entitlement; bounded vendor series,METHODOLOGY_BLOCKED_BY_DATA,inactive candidate slots omitted; active candidate blocked by unadmitted inputs,explicit active candidate only,incomplete basket publication clocks vintage completeness and use rights | no admitted historical classification benchmark calendar or volatility context,false,P03;P08;P09;P14;P21;P22;P23
regime_state_3_probability,regime,macro;market,macro;market_context,historical_universe,original BLS/Fed/Treasury/ECB/Eurostat dated releases with independent rights; fallback licensed original-vintage archive only for remaining proven gap | index-owner dated series/mappings and historical sector notices; fallback index-owner history entitlement; bounded vendor series,METHODOLOGY_BLOCKED_BY_DATA,inactive candidate slots omitted; active candidate blocked by unadmitted inputs,explicit active candidate only,incomplete basket publication clocks vintage completeness and use rights | no admitted historical classification benchmark calendar or volatility context,false,P03;P08;P09;P14;P21;P22;P23
regime_state_4_probability,regime,macro;market,macro;market_context,historical_universe,original BLS/Fed/Treasury/ECB/Eurostat dated releases with independent rights; fallback licensed original-vintage archive only for remaining proven gap | index-owner dated series/mappings and historical sector notices; fallback index-owner history entitlement; bounded vendor series,METHODOLOGY_BLOCKED_BY_DATA,inactive candidate slots omitted; active candidate blocked by unadmitted inputs,explicit active candidate only,incomplete basket publication clocks vintage completeness and use rights | no admitted historical classification benchmark calendar or volatility context,false,P03;P08;P09;P14;P21;P22;P23
regime_state_5_probability,regime,macro;market,macro;market_context,historical_universe,original BLS/Fed/Treasury/ECB/Eurostat dated releases with independent rights; fallback licensed original-vintage archive only for remaining proven gap | index-owner dated series/mappings and historical sector notices; fallback index-owner history entitlement; bounded vendor series,METHODOLOGY_BLOCKED_BY_DATA,inactive candidate slots omitted; active candidate blocked by unadmitted inputs,explicit active candidate only,incomplete basket publication clocks vintage completeness and use rights | no admitted historical classification benchmark calendar or volatility context,false,P03;P08;P09;P14;P21;P22;P23
regime_state_6_probability,regime,macro;market,macro;market_context,historical_universe,original BLS/Fed/Treasury/ECB/Eurostat dated releases with independent rights; fallback licensed original-vintage archive only for remaining proven gap | index-owner dated series/mappings and historical sector notices; fallback index-owner history entitlement; bounded vendor series,METHODOLOGY_BLOCKED_BY_DATA,inactive candidate slots omitted; active candidate blocked by unadmitted inputs,explicit active candidate only,incomplete basket publication clocks vintage completeness and use rights | no admitted historical classification benchmark calendar or volatility context,false,P03;P08;P09;P14;P21;P22;P23
regime_state_7_probability,regime,macro;market,macro;market_context,historical_universe,original BLS/Fed/Treasury/ECB/Eurostat dated releases with independent rights; fallback licensed original-vintage archive only for remaining proven gap | index-owner dated series/mappings and historical sector notices; fallback index-owner history entitlement; bounded vendor series,METHODOLOGY_BLOCKED_BY_DATA,inactive candidate slots omitted; active candidate blocked by unadmitted inputs,explicit active candidate only,incomplete basket publication clocks vintage completeness and use rights | no admitted historical classification benchmark calendar or volatility context,false,P03;P08;P09;P14;P21;P22;P23
