region,topic,candidate_series,observation_grain,publication,vintage,units,request_bound,jurisdiction,historical_coverage,admission_status,classification,evidence_ids,remediation,candidate_evidence_scope
US,headline_inflation,CPIAUCSL / original BLS CPI releases,monthly,historical dated release time and timezone NOT_ADMITTED,raw ALFRED intervals; boundary completeness unproved,index; base and SA version must be verified,both observation and vintage <=2023-12-31 before send; dated originals alternative,US,partial bounded 2010-2023 capture only,RAW_ONLY,METHODOLOGY_BLOCKED_BY_DATA,P21;P22,original-source rights plus complete release/revision chronology and schema sample,observed prior raw series plus unresolved semantics
US,core_inflation,CPILFESL / original BLS CPI releases,monthly,historical dated release time and timezone NOT_ADMITTED,raw ALFRED intervals; boundary completeness unproved,index excluding food/energy; base and SA verify,both observation and vintage <=2023-12-31 before send; dated originals alternative,US,partial bounded 2010-2023 capture only,RAW_ONLY,METHODOLOGY_BLOCKED_BY_DATA,P21;P22,original-source rights plus complete release/revision chronology and schema sample,observed prior raw series plus unresolved semantics
US,unemployment,UNRATE / original BLS Employment Situation,monthly,historical dated release time and timezone NOT_ADMITTED,raw ALFRED intervals; exact release clock missing,percent; SA version verify,both observation and vintage <=2023-12-31 before send; dated originals alternative,US,partial bounded 2010-2023 capture only,RAW_ONLY,METHODOLOGY_BLOCKED_BY_DATA,P21;P22,original-source rights plus complete release/revision chronology and schema sample,observed prior raw series plus unresolved semantics
US,policy_rate,FEDFUNDS sampled; exact policy-target measure undecided,monthly sample; event-dated target alternative,historical dated release time and timezone NOT_ADMITTED,not observed; must recover original release versions,percent,both observation and vintage <=2023-12-31 before send; dated originals alternative,US,partial bounded 2010-2023 capture only,RAW_ONLY,METHODOLOGY_BLOCKED_BY_DATA,P21;P22,Do not confuse monthly effective-rate average with announced policy target; decide economic mapping from frozen definition then original releases,observed prior raw series plus unresolved semantics
US,treasury_3m,DGS3MO candidate; unsampled,daily business-day,historical dated release time and timezone NOT_ADMITTED,not observed,percent yield; not bps,both observation and vintage <=2023-12-31 before send; dated originals alternative,US,2010-2023 required; not verified,MISSING,METHODOLOGY_BLOCKED_BY_DATA,P21;P22,"H.15/agency release clock, historical corrections, missing days, same-date tenors and rights","unverified candidate definition; evidence refs establish route limits only, not series-specific capability"
US,treasury_2y,DGS2,daily business-day,historical dated release time and timezone NOT_ADMITTED,ALFRED chunks incomplete-boundary proof,percent yield; not bps,both observation and vintage <=2023-12-31 before send; dated originals alternative,US,partial bounded 2010-2023 capture only,RAW_ONLY,METHODOLOGY_BLOCKED_BY_DATA,P21;P22,"H.15/agency release clock, historical corrections, missing days, same-date tenors and rights",observed prior raw series plus unresolved semantics
US,treasury_10y,DGS10,daily business-day,historical dated release time and timezone NOT_ADMITTED,ALFRED chunks incomplete-boundary proof,percent yield; not bps,both observation and vintage <=2023-12-31 before send; dated originals alternative,US,partial bounded 2010-2023 capture only,RAW_ONLY,METHODOLOGY_BLOCKED_BY_DATA,P21;P22,"H.15/agency release clock, historical corrections, missing days, same-date tenors and rights",observed prior raw series plus unresolved semantics
US,hy_spread,ICE BofA US HY OAS candidate; no selected licensed series,daily,historical dated release time and timezone NOT_ADMITTED,not observed; must recover original release versions,OAS percent candidate; convert explicitly to bps only after validation,both observation and vintage <=2023-12-31 before send; dated originals alternative,US,2010-2023 required; not verified,MISSING,METHODOLOGY_BLOCKED_BY_DATA,P21;P22,Index-owner licence and archived constituents/methodology/revisions; no FRED-access licence assumption,"unverified candidate definition; evidence refs establish route limits only, not series-specific capability"
US,ig_spread,ICE BofA US corporate OAS candidate; unsampled,daily,historical dated release time and timezone NOT_ADMITTED,not observed; must recover original release versions,OAS percent candidate,both observation and vintage <=2023-12-31 before send; dated originals alternative,US,2010-2023 required; not verified,MISSING,METHODOLOGY_BLOCKED_BY_DATA,P21;P22,Do not substitute rating spread for IG OAS silently; require licensed original vintage,"unverified candidate definition; evidence refs establish route limits only, not series-specific capability"
US,financial_conditions,Chicago Fed NFCI candidate; unsampled,weekly,historical dated release time and timezone NOT_ADMITTED,not observed; must recover original release versions,standardized index candidate,both observation and vintage <=2023-12-31 before send; dated originals alternative,US,2010-2023 required; not verified,MISSING,METHODOLOGY_BLOCKED_BY_DATA,P21;P22,Complete historical releases and re-estimation vintages; latest index history is insufficient,"unverified candidate definition; evidence refs establish route limits only, not series-specific capability"
US,central_bank_liquidity,Fed H.4.1 total assets / WALCL candidate,weekly,historical dated release time and timezone NOT_ADMITTED,not observed; must recover original release versions,USD balance-sheet amount; scale must be verified,both observation and vintage <=2023-12-31 before send; dated originals alternative,US,2010-2023 required; not verified,MISSING,METHODOLOGY_BLOCKED_BY_DATA,P21;P22,Original H.4.1 releases and revisions; retain release lag for 3-month change,"unverified candidate definition; evidence refs establish route limits only, not series-specific capability"
US,activity,Federal Reserve industrial production / INDPRO candidate,monthly,historical dated release time and timezone NOT_ADMITTED,not observed; must recover original release versions,index; base and seasonal adjustment verify,both observation and vintage <=2023-12-31 before send; dated originals alternative,US,2010-2023 required; not verified,MISSING,METHODOLOGY_BLOCKED_BY_DATA,P21;P22,Original G.17 releases and benchmark revisions; no latest backfill,"unverified candidate definition; evidence refs establish route limits only, not series-specific capability"
EU,headline_inflation,EA HICP retained FRED aggregate; original Eurostat release alternative,monthly,historical dated release time and timezone NOT_ADMITTED,raw ALFRED intervals for one aggregate; geography/timebase unproved,index; base and geography unresolved,both observation and vintage <=2023-12-31 before send; dated originals alternative,euro area aggregate; not all EU,partial bounded 2010-2023 capture only,RAW_ONLY,METHODOLOGY_BLOCKED_BY_DATA,P02;P22;P23,original-source rights plus complete release/revision chronology and schema sample,observed prior raw series plus unresolved semantics
EU,core_inflation,Eurostat HICP excluding energy/food etc; exact exclusion set must be frozen,monthly,historical dated release time and timezone NOT_ADMITTED,not observed; must recover original release versions,index or YoY rate must match formula,both observation and vintage <=2023-12-31 before send; dated originals alternative,euro area/EU mapping required,2010-2023 required; not verified,MISSING,METHODOLOGY_BLOCKED_BY_DATA,P23;P24,Definition plus original flash/final/revised release versions; latest API unsupported,"unverified candidate definition; evidence refs establish route limits only, not series-specific capability"
EU,unemployment,Eurostat unemployment release archive,monthly,historical dated release time and timezone NOT_ADMITTED,not observed; must recover original release versions,percent with SA definition,both observation and vintage <=2023-12-31 before send; dated originals alternative,euro area/EU mapping required,2010-2023 required; not verified,MISSING,METHODOLOGY_BLOCKED_BY_DATA,P23;P24,original-source rights plus complete release/revision chronology and schema sample,"unverified candidate definition; evidence refs establish route limits only, not series-specific capability"
EU,ecb_policy,ECB deposit facility decision notices,event effective date,historical dated release time and timezone NOT_ADMITTED,not observed; must recover original release versions,percent,both observation and vintage <=2023-12-31 before send; dated originals alternative,EUR monetary jurisdiction,2010-2023 required; not verified,MISSING,METHODOLOGY_BLOCKED_BY_DATA,P02;P23,Original dated decision/publication notices; latest policy table alone not a vintage ledger,"unverified candidate definition; evidence refs establish route limits only, not series-specific capability"
EU,non_eur_policy,National central-bank decision archives by eligible listing currency area,event effective date,historical dated release time and timezone NOT_ADMITTED,not observed; must recover original release versions,percent,both observation and vintage <=2023-12-31 before send; dated originals alternative,non-EUR EU jurisdictions; enumerate after historical master,2010-2023 required; not verified,MISSING,METHODOLOGY_BLOCKED_BY_DATA,P20;P25,Historical jurisdiction/redenomination intervals and original policy announcements; cannot use ECB for all EU,"unverified candidate definition; evidence refs establish route limits only, not series-specific capability"
EU,sovereign_curve,ECB/German sovereign curve candidate,daily; specified 3M/2Y/10Y tenors,historical dated release time and timezone NOT_ADMITTED,not observed; must recover original release versions,percent yield; spread in percentage points,both observation and vintage <=2023-12-31 before send; dated originals alternative,common EUR backdrop; not US curve,2010-2023 required; not verified,MISSING,METHODOLOGY_BLOCKED_BY_DATA,P23;P24,Select defensible term/risk basis proxy and revision/publication archive; no silent tenor or geography substitution,"unverified candidate definition; evidence refs establish route limits only, not series-specific capability"
EU,hy_spread,European HY OAS licensed original-index candidate,daily,historical dated release time and timezone NOT_ADMITTED,not observed; must recover original release versions,OAS percent candidate,both observation and vintage <=2023-12-31 before send; dated originals alternative,European credit universe definition required,2010-2023 required; not verified,MISSING,METHODOLOGY_BLOCKED_BY_DATA,P22;P23,"Index-owner rights; geography, currency, tenor and historical methodology evidence","unverified candidate definition; evidence refs establish route limits only, not series-specific capability"
EU,ig_spread,European IG OAS licensed original-index candidate,daily,historical dated release time and timezone NOT_ADMITTED,not observed; must recover original release versions,OAS percent candidate,both observation and vintage <=2023-12-31 before send; dated originals alternative,European credit universe definition required,2010-2023 required; not verified,MISSING,METHODOLOGY_BLOCKED_BY_DATA,P22;P23,As HY; sovereign yield spread is economically different and not automatically allowed,"unverified candidate definition; evidence refs establish route limits only, not series-specific capability"
EU,financial_conditions,ECB financial-stress/conditions candidate; no series selected,source-specific,historical dated release time and timezone NOT_ADMITTED,not observed; must recover original release versions,index definition not interchangeable,both observation and vintage <=2023-12-31 before send; dated originals alternative,euro area common-risk proxy only,2010-2023 required; not verified,MISSING,METHODOLOGY_BLOCKED_BY_DATA,P23;P24,Document economic fit; original vintage availability; stress is not automatically financial conditions,"unverified candidate definition; evidence refs establish route limits only, not series-specific capability"
EU,central_bank_liquidity,Eurosystem consolidated financial statement archive,weekly,historical dated release time and timezone NOT_ADMITTED,not observed; must recover original release versions,EUR amount and scale require validation,both observation and vintage <=2023-12-31 before send; dated originals alternative,EUR; non-EUR scope review required,2010-2023 required; not verified,MISSING,METHODOLOGY_BLOCKED_BY_DATA,P23;P24,Dated original releases and revisions; monetary-jurisdiction fit for frozen liquidity feature,"unverified candidate definition; evidence refs establish route limits only, not series-specific capability"
EU,activity,Eurostat industrial production archived releases,monthly,historical dated release time and timezone NOT_ADMITTED,not observed; must recover original release versions,index; base/SA/geography verify,both observation and vintage <=2023-12-31 before send; dated originals alternative,euro area/EU mapping required,2010-2023 required; not verified,MISSING,METHODOLOGY_BLOCKED_BY_DATA,P23;P24,Historical releases/revisions and changing geographic composition; latest-only API rejected,"unverified candidate definition; evidence refs establish route limits only, not series-specific capability"
