id,domain,provider,region,free_paid,historical_coverage,delisted_coverage,pit_capable,vintage_capable,publication_timestamp,corporate_actions,terminal_economics,request_bounded,unit_semantics,currency_semantics,rate_limit,licensing,current_status,quality_confidence,methodological_risk,recommended_decision,evidence_ids,admission_status,quality_tier
U1,historical_universe,Alpha Vantage LISTING_STATUS,US,free demo observed,one as-of 2014-07-10,430 rows; active response empty,effective snapshot only,NOT_ESTABLISHED,NOT_ESTABLISHED,NOT_ESTABLISHED,NOT_ESTABLISHED,date as-of observed,listing metadata,not supplied in observed schema,prior general free 25/day; endpoint allowance unverified,unverified intended use,METHODOLOGY_BLOCKED_BY_DATA,documented scope only; no tier,missing active cohort stable IDs primary eligibility and terminal outcomes,REJECT,P01,RAW_ONLY,
U2,historical_universe;corporate_actions,EODHD delisted/symbol lists,US;EU,entitlement untested,pre-2018 delisted EOD-only documented,documented; completeness unmeasured,snapshot list; US rename history only,NOT_ESTABLISHED,NOT_ESTABLISHED,NOT_ESTABLISHED,NOT_ESTABLISHED,NO as-of list parameter documented; not requested,symbol/type metadata,snapshot currency not dated intervals,NOT_ESTABLISHED,unverified,METHODOLOGY_BLOCKED_BY_DATA,documented scope only; no tier,current master and pre-2018 action gaps,REJECT,P13;P29,NOT_ADMITTED,
U3,historical_universe;terminal_economics;fundamentals,Norgate US Platinum,US,paid USD630/year,1990 onward package,included,incomplete for frozen identity/classification requirements,NO revision archive,NOT_ESTABLISHED,adjustment data; not full dated knowledge ledger,NO terminal returns/recoveries,updater network cutoff NOT_ESTABLISHED; no download,raw/adjusted variants documented,US package; historical currency unverified,local queries unlimited; updater not validated,package entitlement is not reuse clearance,UNSUPPORTED_FOR_PIT,documented scope only; no tier,terminal and identity gaps persist after paying,REJECT,P03;P04,NOT_ADMITTED,
U4,historical_universe;terminal_economics;corporate_actions,Sharadar actions plus master,US,paid full-history package; demo one survivor,actions since 1998 documented,documented not sampled,dated event reconstruction candidate; master not historical as-of,action corrections unproved,effective date only,schema documented,cash/share terms documented; CVR absent; bankruptcy unproved,actions YES; master last-price filter NOT an as-of filter,cash/share and share/share documented,USD cash terms; other cases unverified,NOT_ESTABLISHED,P11 permission/retention gate,METHODOLOGY_BLOCKED_BY_DATA,documented scope only; no tier,cannot build whole cohort from bounded master; rights and complete terminal cases unproved,PAID_FALLBACK,P07;P08;P09;P11,NOT_ADMITTED,
U5,historical_universe;terminal_economics;ohlcv;corporate_actions,CRSP US Stock database,US,paid quote/access required,dated 2023 technical schema; sample coverage unverified,delisting table documented,historical identifiers documented; revision snapshot unverified,requires frozen release entitlement,NOT_ESTABLISHED,distribution schema documented,fields documented; missing values not measured,authorized bounded query/export required; untested,price/amount/return fields documented,US scope; per-row validation pending,NOT_ESTABLISHED,institutional entitlement unverified,METHODOLOGY_BLOCKED_BY_DATA,documented scope only; no tier,not EU; terminal completeness and request semantics need sample,PAID_FALLBACK,P18,NOT_ADMITTED,
U6,historical_universe;terminal_economics;fundamentals,EU issuer/OAM/exchange archives,EU,mixed public archives and possible exchange fees,no joined 2010-2023 cohort evidenced,not established,dated original documents potentially reconstructable,individual immutable documents only if retained,archive-specific evidence required,manual original notices needed,case-by-case original notices; no complete ledger,dated document paths only after discovery,issuer statements need normalization,listing vs reporting currency must separate,NOT_ESTABLISHED,source-by-source review,METHODOLOGY_BLOCKED_BY_DATA,documented scope only; no tier,no measured universe denominator; format framework not data panel,UNRESOLVED,P20;P30,NOT_ADMITTED,
U7,historical_universe;terminal_economics;fundamentals,LSEG PIT/company data and corporate actions enquiry,US;EU,paid quote unavailable,global history advertised; exact product coverage unverified,inactive company coverage advertised; listing completeness unproved,PIT product claim needs field-level specification,no sampled revision chain,unverified chosen entitlement,separate entitlement required,unverified event-level export,unverified; no data request permitted yet,field dictionary required,global scope; historical currency linkage unverified,NOT_ESTABLISHED,quote and rights required,METHODOLOGY_BLOCKED_BY_DATA,documented scope only; no tier,broad catalogue does not establish exact requirements,PAID_FALLBACK,P19,NOT_ADMITTED,
O1,ohlcv;corporate_actions,EODHD bounded EOD/split/dividend endpoints,US;EU,US demo observed; EU paid entitlement untested,US sample 2010-2023; EU no rows,not sampled,corrected history without proven original knowledge,unverified,no exact time observed,2 splits and 34 dividends one US survivor,absent in samples,from/to observed,raw OHLC; volume split-adjusted per docs,sample USD; historical master absent,NOT_ESTABLISHED,use/retention unverified,METHODOLOGY_BLOCKED_BY_DATA,documented scope only; no tier,volume factors and delisted-action coverage missing,ACCEPTABLE,P01;P02;P13;P14;P29,RAW_ONLY,
O2,ohlcv,Stooq attempted bounded CSV,US;EU,free candidate; failed access,none obtained,NOT_ESTABLISHED,NOT_ESTABLISHED,NOT_ESTABLISHED,NOT_ESTABLISHED,NOT_ESTABLISHED,NOT_ESTABLISHED,d1/d2 sent in prior failed attempts,NOT_ESTABLISHED,NOT_ESTABLISHED,NOT_ESTABLISHED,unverified,METHODOLOGY_BLOCKED_BY_DATA,documented scope only; no tier,no usable sample or adequate correction/action semantics,REJECT,P29,UNAVAILABLE,
O3,ohlcv;corporate_actions,Sharadar stocks/actions,US,full history paid,stocks since 1997 documented,documented not tested,raw reconstruction candidate; corrections not proven,NOT_ESTABLISHED,NOT_ESTABLISHED,dated schema available,requires U4 validation,from/to documented,split-adjusted OHLCV; reversible factor candidate,US listings; metadata gate U4,NOT_ESTABLISHED,P11 publication/retention gate,METHODOLOGY_BLOCKED_BY_DATA,documented scope only; no tier,no sample reconciliation; no EU,PAID_FALLBACK,P06;P07;P09;P10;P11,NOT_ADMITTED,
F1,fundamentals,SEC original accession archives,US,free public access observed,2010/2023 indexes; one 2010 original filing,issuer coverage not equity eligibility,filing-derived reconstructable vintage candidate,original accessions; parser unimplemented,acceptance metadata observed; dissemination proof missing,filings may contain terms; not normalized,case-specific not joined,fixed historical quarter/accession paths,XBRL contexts periods scales taxonomy require parsing,reporting currency per fact; not trading currency,NOT_ESTABLISHED,archive and embedded-content rights review pending,METHODOLOGY_BLOCKED_BY_DATA,documented scope only; no tier,not model-ready just because filing is dated,PREFERRED,P28,RAW_ONLY,
F2,fundamentals,Sharadar AR dimensions,US,USD39/month full-history fundamentals; bundle69,1998 onward documented,domestic form-10 active/delisted documented,AR filing-date view documented,AR retention documented; not sampled,date-only; intraday lag and older-period handling unresolved,NOT_ESTABLISHED,NOT_ESTABLISHED,from/to filing date; dimension explicitly AR,normalized fields per schema,units/currency must follow field dictionary,NOT_ESTABLISHED,P11 permission/retention gate,METHODOLOGY_BLOCKED_BY_DATA,documented scope only; no tier,MR dimensions forbidden; no EU; rights and sample gate,PAID_FALLBACK,P05;P09;P10;P11,NOT_ADMITTED,
F3,fundamentals,SimFin legacy bulk Python loader,US;EU,free limited; paid annual-billed tiers,tier/channel conflict; free history insufficient,unverified,as-reported variant needs API-specific vintage evidence,unknown revision semantics for chosen endpoint,publish/restated date names do not prove immutable vintages,NOT_ESTABLISHED,NOT_ESTABLISHED,NO legacy loader; dates applied after download,normalized statements; exact variants untested,unverified,API tier table 2/5/10/20 requests per second; not tested,delete downloads/backups on cancellation per page,UNSUPPORTED_FOR_PIT,documented scope only; no tier,unsafe loader and no verified EU historical stack,REJECT,P15;P16;P17,NOT_ADMITTED,
M1,macro,FRED/ALFRED API vintage route,US;EU,no fee; authenticated prior requests,nine captures of seven series; partial 2010-2023 vintages,NOT_ESTABLISHED,date-level realtime intervals observed,YES sampled intervals; completeness unverified,time-of-day absent,NOT_ESTABLISHED,NOT_ESTABLISHED,observation and realtime bounds observed,series-specific indexes/percent; complete basket unverified,series-specific,NOT_ESTABLISHED,LICENSING_REQUIRES_HUMAN_REVIEW; service/API terms and original-owner rights need project-specific interpretation (P22),METHODOLOGY_BLOCKED_BY_DATA,documented scope only; no tier,rights plus incomplete basket and release-time semantics,UNRESOLVED,P02;P21;P22,RAW_ONLY,
M2,macro,Eurostat latest API,EU,free,series-specific latest history; no sample,NOT_ESTABLISHED,NO as a standalone revised historical source,NO database version archive per docs,dataset refresh is not original release time,NOT_ESTABLISHED,NOT_ESTABLISHED,time filters documented,dimension-specific; no selected schema/sample,geo/unit dimensions need freeze,NOT_ESTABLISHED,EU reuse terms source-specific unverified here,UNSUPPORTED_FOR_PIT,documented scope only; no tier,later revisions would leak into development,REJECT,P23;P24,NOT_ADMITTED,
M3,macro,Original BLS/Fed/Treasury/ECB/Eurostat release archives,US;EU,public originals candidate; labour cost unknown,not assembled,NOT_ESTABLISHED,potential immutable dated releases; needs original notices,requires all relevant archived versions,must verify per release and historical regime,NOT_ESTABLISHED,NOT_ESTABLISHED,fixed dated releases only; no latest download,release-specific,jurisdiction-specific,NOT_ESTABLISHED,independent original-source permission required,METHODOLOGY_BLOCKED_BY_DATA,documented scope only; no tier,series-by-series missing archive coverage; cannot transfer FRED rights by renaming source,PREFERRED,P22;P23;P27,NOT_ADMITTED,
X1,fx,MNB historical reference quotes,US;EU,free unauthenticated sample,one day 2023-12-29 EUR/USD,NOT_ESTABLISHED,lagged reference proxy only pending approval,unknown correction history,fixing clock is not publication,NOT_ESTABLISHED,NOT_ESTABLISHED,startDate/endDate observed,HUF per quoted number of currency units,EUR/HUF and USD/HUF unit1 sampled,NOT_ESTABLISHED,prior official reproduction audit; exact dataset rights unresolved,PROXY_POSSIBLE_WITH_LIMITATION,documented scope only; no tier,non-executable stale quote; revision uncertainty,PROXY_ONLY,P02;P25,RAW_ONLY,
X2,fx,ECB reference-rate cross conversion,US;EU,public reference candidate,2010-2023 vintage coverage not verified,NOT_ESTABLISHED,prior-known fixing candidate not execution rate,historical correction ledger not evidenced,current 2026 policy not back-projected,NOT_ESTABLISHED,NOT_ESTABLISHED,bounded SDMX path must be verified; no rate fetch,HUF/EUR divided by USD/EUR yields HUF/USD after both admitted,both legs and quote units required,NOT_ESTABLISHED,reference-use rights and acquisition route pending,PROXY_POSSIBLE_WITH_LIMITATION,documented scope only; no tier,non-executable reference; historical clock and revisions unresolved,PROXY_ONLY,P26,NOT_ADMITTED,
C1,market_context,Index-owner historical files and classification histories,US;EU,mixed; exact index entitlement quote unavailable,no admitted regional or sector series,NOT_ESTABLISHED,requires dated mappings; latest sector forbidden,not established,index/event notices needed,NOT_ESTABLISHED,NOT_ESTABLISHED,series requests only after fixed mapping; no current constituent download,index price/return distinction unresolved,local vs reporting index currency must be fixed,NOT_ESTABLISHED,index redistribution and derived-use terms unverified,METHODOLOGY_BLOCKED_BY_DATA,documented scope only; no tier,sector survivor bias and mismatched calendars; Norgate latest-sector rejected,UNRESOLVED,P03;P08;P09;P14,NOT_ADMITTED,
E1,event_calendars,Official historical release schedules and issuer notices,US;EU,free documents candidate,one historical-year schedule; no complete 2010-2023 vintages,NOT_ESTABLISHED,only if schedule announcement known before prediction,reschedule/cancel ledger missing,page year is not known-at timestamp,NOT_ESTABLISHED,NOT_ESTABLISHED,dated static documents; no live calendar,timezone-aware scheduled event and known-at required,N/A event metadata,NOT_ESTABLISHED,source-specific terms unresolved,METHODOLOGY_BLOCKED_BY_DATA,documented scope only; no tier,realized dates cannot populate ex-ante schedule features,UNRESOLVED,P27;P28,NOT_ADMITTED,
