name,pillar,series,region,monetary_jurisdiction,unit,currency,max_age_days,critical,quality_floor,measure_definition,config_version,config_hash,availability_rule,admission_rule,missing_rule
us_gdp_growth,growth,US_GDP_GROWTH,US,FED,percent_yoy,,180,True,B,Real GDP year-on-year growth; seasonal/base definition must be admitted,recession-core-v1,9c7ffa3238b7fc8493ff760448358f55df6a1cf4c365f4c755ae305f8c5cc7c8,canonical available_at and publication/revision <= regional eligible EOD,content-bound reviewed Admission required; no automatic provider tier,UNKNOWN; never healthy; no backward fill
us_activity,growth,US_ACTIVITY,US,FED,index_points,,65,False,B,Official activity proxy level; index base must be admitted,recession-core-v1,9c7ffa3238b7fc8493ff760448358f55df6a1cf4c365f4c755ae305f8c5cc7c8,canonical available_at and publication/revision <= regional eligible EOD,content-bound reviewed Admission required; no automatic provider tier,UNKNOWN; never healthy; no backward fill
us_unemployment,labor,US_UNEMPLOYMENT,US,FED,percent,,65,True,B,Unemployment rate; denominator and geography must be admitted,recession-core-v1,9c7ffa3238b7fc8493ff760448358f55df6a1cf4c365f4c755ae305f8c5cc7c8,canonical available_at and publication/revision <= regional eligible EOD,content-bound reviewed Admission required; no automatic provider tier,UNKNOWN; never healthy; no backward fill
us_employment_growth,labor,US_EMPLOYMENT_GROWTH,US,FED,percent_yoy,,65,False,B,Employment/payroll year-on-year growth; geography must be admitted,recession-core-v1,9c7ffa3238b7fc8493ff760448358f55df6a1cf4c365f4c755ae305f8c5cc7c8,canonical available_at and publication/revision <= regional eligible EOD,content-bound reviewed Admission required; no automatic provider tier,UNKNOWN; never healthy; no backward fill
us_headline_inflation,inflation,US_HEADLINE_INFLATION,US,FED,percent_yoy,,65,False,B,CPI/HICP year-on-year inflation; not an index level,recession-core-v1,9c7ffa3238b7fc8493ff760448358f55df6a1cf4c365f4c755ae305f8c5cc7c8,canonical available_at and publication/revision <= regional eligible EOD,content-bound reviewed Admission required; no automatic provider tier,UNKNOWN; never healthy; no backward fill
us_core_inflation,inflation,US_CORE_INFLATION,US,FED,percent_yoy,,65,True,B,Core CPI/HICP year-on-year inflation; exclusions must be admitted,recession-core-v1,9c7ffa3238b7fc8493ff760448358f55df6a1cf4c365f4c755ae305f8c5cc7c8,canonical available_at and publication/revision <= regional eligible EOD,content-bound reviewed Admission required; no automatic provider tier,UNKNOWN; never healthy; no backward fill
us_policy_rate,policy,US_POLICY_RATE,US,FED,percent,,45,True,B,Explicit policy measure; target/effective/monthly average must not be interchanged,recession-core-v1,9c7ffa3238b7fc8493ff760448358f55df6a1cf4c365f4c755ae305f8c5cc7c8,canonical available_at and publication/revision <= regional eligible EOD,content-bound reviewed Admission required; no automatic provider tier,UNKNOWN; never healthy; no backward fill
us_curve_10y_2y,curve,US_CURVE_10Y_2Y,US,FED,percentage_points,,10,True,B,Aligned 10Y minus 2Y regional sovereign yields,recession-core-v1,9c7ffa3238b7fc8493ff760448358f55df6a1cf4c365f4c755ae305f8c5cc7c8,canonical available_at and publication/revision <= regional eligible EOD,content-bound reviewed Admission required; no automatic provider tier,UNKNOWN; never healthy; no backward fill
us_curve_10y_3m,curve,US_CURVE_10Y_3M,US,FED,percentage_points,,10,False,B,Aligned 10Y minus 3M regional sovereign yields,recession-core-v1,9c7ffa3238b7fc8493ff760448358f55df6a1cf4c365f4c755ae305f8c5cc7c8,canonical available_at and publication/revision <= regional eligible EOD,content-bound reviewed Admission required; no automatic provider tier,UNKNOWN; never healthy; no backward fill
us_high_yield,credit,US_HIGH_YIELD,US,FED,percentage_points,,10,True,B,Regional high-yield option-adjusted spread; index universe must be admitted,recession-core-v1,9c7ffa3238b7fc8493ff760448358f55df6a1cf4c365f4c755ae305f8c5cc7c8,canonical available_at and publication/revision <= regional eligible EOD,content-bound reviewed Admission required; no automatic provider tier,UNKNOWN; never healthy; no backward fill
us_investment_grade,credit,US_INVESTMENT_GRADE,US,FED,percentage_points,,10,False,B,Regional investment-grade spread; index universe must be admitted,recession-core-v1,9c7ffa3238b7fc8493ff760448358f55df6a1cf4c365f4c755ae305f8c5cc7c8,canonical available_at and publication/revision <= regional eligible EOD,content-bound reviewed Admission required; no automatic provider tier,UNKNOWN; never healthy; no backward fill
us_financial_conditions,conditions,US_FINANCIAL_CONDITIONS,US,FED,index_points,,20,True,B,Regional conditions index level; sign/base must be admitted,recession-core-v1,9c7ffa3238b7fc8493ff760448358f55df6a1cf4c365f4c755ae305f8c5cc7c8,canonical available_at and publication/revision <= regional eligible EOD,content-bound reviewed Admission required; no automatic provider tier,UNKNOWN; never healthy; no backward fill
us_liquidity_change,conditions,US_LIQUIDITY_CHANGE,US,FED,ratio_change_3m,,20,False,B,Central bank balance sheet current / 3M-prior minus 1,recession-core-v1,9c7ffa3238b7fc8493ff760448358f55df6a1cf4c365f4c755ae305f8c5cc7c8,canonical available_at and publication/revision <= regional eligible EOD,content-bound reviewed Admission required; no automatic provider tier,UNKNOWN; never healthy; no backward fill
us_market_stress,stress,US_MARKET_STRESS,US,FED,index_points,,10,True,B,Regional implied volatility proxy; not recession probability,recession-core-v1,9c7ffa3238b7fc8493ff760448358f55df6a1cf4c365f4c755ae305f8c5cc7c8,canonical available_at and publication/revision <= regional eligible EOD,content-bound reviewed Admission required; no automatic provider tier,UNKNOWN; never healthy; no backward fill
us_real_yield,policy,US_REAL_YIELD,US,FED,percent,,10,False,B,Regional real 10Y sovereign yield; instrument/index must be admitted,recession-core-v1,9c7ffa3238b7fc8493ff760448358f55df6a1cf4c365f4c755ae305f8c5cc7c8,canonical available_at and publication/revision <= regional eligible EOD,content-bound reviewed Admission required; no automatic provider tier,UNKNOWN; never healthy; no backward fill
ea_gdp_growth,growth,EA_GDP_GROWTH,EU,ECB,percent_yoy,,180,True,B,Real GDP year-on-year growth; seasonal/base definition must be admitted,recession-core-v1,9c7ffa3238b7fc8493ff760448358f55df6a1cf4c365f4c755ae305f8c5cc7c8,canonical available_at and publication/revision <= regional eligible EOD,content-bound reviewed Admission required; no automatic provider tier,UNKNOWN; never healthy; no backward fill
ea_activity,growth,EA_ACTIVITY,EU,ECB,index_points,,65,False,B,Official activity proxy level; index base must be admitted,recession-core-v1,9c7ffa3238b7fc8493ff760448358f55df6a1cf4c365f4c755ae305f8c5cc7c8,canonical available_at and publication/revision <= regional eligible EOD,content-bound reviewed Admission required; no automatic provider tier,UNKNOWN; never healthy; no backward fill
ea_unemployment,labor,EA_UNEMPLOYMENT,EU,ECB,percent,,65,True,B,Unemployment rate; denominator and geography must be admitted,recession-core-v1,9c7ffa3238b7fc8493ff760448358f55df6a1cf4c365f4c755ae305f8c5cc7c8,canonical available_at and publication/revision <= regional eligible EOD,content-bound reviewed Admission required; no automatic provider tier,UNKNOWN; never healthy; no backward fill
ea_employment_growth,labor,EA_EMPLOYMENT_GROWTH,EU,ECB,percent_yoy,,65,False,B,Employment/payroll year-on-year growth; geography must be admitted,recession-core-v1,9c7ffa3238b7fc8493ff760448358f55df6a1cf4c365f4c755ae305f8c5cc7c8,canonical available_at and publication/revision <= regional eligible EOD,content-bound reviewed Admission required; no automatic provider tier,UNKNOWN; never healthy; no backward fill
ea_headline_inflation,inflation,EA_HEADLINE_INFLATION,EU,ECB,percent_yoy,,65,False,B,CPI/HICP year-on-year inflation; not an index level,recession-core-v1,9c7ffa3238b7fc8493ff760448358f55df6a1cf4c365f4c755ae305f8c5cc7c8,canonical available_at and publication/revision <= regional eligible EOD,content-bound reviewed Admission required; no automatic provider tier,UNKNOWN; never healthy; no backward fill
ea_core_inflation,inflation,EA_CORE_INFLATION,EU,ECB,percent_yoy,,65,True,B,Core CPI/HICP year-on-year inflation; exclusions must be admitted,recession-core-v1,9c7ffa3238b7fc8493ff760448358f55df6a1cf4c365f4c755ae305f8c5cc7c8,canonical available_at and publication/revision <= regional eligible EOD,content-bound reviewed Admission required; no automatic provider tier,UNKNOWN; never healthy; no backward fill
ea_policy_rate,policy,EA_POLICY_RATE,EU,ECB,percent,,45,True,B,Explicit policy measure; target/effective/monthly average must not be interchanged,recession-core-v1,9c7ffa3238b7fc8493ff760448358f55df6a1cf4c365f4c755ae305f8c5cc7c8,canonical available_at and publication/revision <= regional eligible EOD,content-bound reviewed Admission required; no automatic provider tier,UNKNOWN; never healthy; no backward fill
ea_curve_10y_2y,curve,EA_CURVE_10Y_2Y,EU,ECB,percentage_points,,10,True,B,Aligned 10Y minus 2Y regional sovereign yields,recession-core-v1,9c7ffa3238b7fc8493ff760448358f55df6a1cf4c365f4c755ae305f8c5cc7c8,canonical available_at and publication/revision <= regional eligible EOD,content-bound reviewed Admission required; no automatic provider tier,UNKNOWN; never healthy; no backward fill
ea_curve_10y_3m,curve,EA_CURVE_10Y_3M,EU,ECB,percentage_points,,10,False,B,Aligned 10Y minus 3M regional sovereign yields,recession-core-v1,9c7ffa3238b7fc8493ff760448358f55df6a1cf4c365f4c755ae305f8c5cc7c8,canonical available_at and publication/revision <= regional eligible EOD,content-bound reviewed Admission required; no automatic provider tier,UNKNOWN; never healthy; no backward fill
ea_high_yield,credit,EA_HIGH_YIELD,EU,ECB,percentage_points,,10,True,B,Regional high-yield option-adjusted spread; index universe must be admitted,recession-core-v1,9c7ffa3238b7fc8493ff760448358f55df6a1cf4c365f4c755ae305f8c5cc7c8,canonical available_at and publication/revision <= regional eligible EOD,content-bound reviewed Admission required; no automatic provider tier,UNKNOWN; never healthy; no backward fill
ea_investment_grade,credit,EA_INVESTMENT_GRADE,EU,ECB,percentage_points,,10,False,B,Regional investment-grade spread; index universe must be admitted,recession-core-v1,9c7ffa3238b7fc8493ff760448358f55df6a1cf4c365f4c755ae305f8c5cc7c8,canonical available_at and publication/revision <= regional eligible EOD,content-bound reviewed Admission required; no automatic provider tier,UNKNOWN; never healthy; no backward fill
ea_financial_conditions,conditions,EA_FINANCIAL_CONDITIONS,EU,ECB,index_points,,20,True,B,Regional conditions index level; sign/base must be admitted,recession-core-v1,9c7ffa3238b7fc8493ff760448358f55df6a1cf4c365f4c755ae305f8c5cc7c8,canonical available_at and publication/revision <= regional eligible EOD,content-bound reviewed Admission required; no automatic provider tier,UNKNOWN; never healthy; no backward fill
ea_liquidity_change,conditions,EA_LIQUIDITY_CHANGE,EU,ECB,ratio_change_3m,,20,False,B,Central bank balance sheet current / 3M-prior minus 1,recession-core-v1,9c7ffa3238b7fc8493ff760448358f55df6a1cf4c365f4c755ae305f8c5cc7c8,canonical available_at and publication/revision <= regional eligible EOD,content-bound reviewed Admission required; no automatic provider tier,UNKNOWN; never healthy; no backward fill
ea_market_stress,stress,EA_MARKET_STRESS,EU,ECB,index_points,,10,True,B,Regional implied volatility proxy; not recession probability,recession-core-v1,9c7ffa3238b7fc8493ff760448358f55df6a1cf4c365f4c755ae305f8c5cc7c8,canonical available_at and publication/revision <= regional eligible EOD,content-bound reviewed Admission required; no automatic provider tier,UNKNOWN; never healthy; no backward fill
ea_real_yield,policy,EA_REAL_YIELD,EU,ECB,percent,,10,False,B,Regional real 10Y sovereign yield; instrument/index must be admitted,recession-core-v1,9c7ffa3238b7fc8493ff760448358f55df6a1cf4c365f4c755ae305f8c5cc7c8,canonical available_at and publication/revision <= regional eligible EOD,content-bound reviewed Admission required; no automatic provider tier,UNKNOWN; never healthy; no backward fill
us_core_pce,inflation,US_CORE_PCE,US,FED,percent_yoy,,65,False,B,Core PCE price inflation year-on-year; not CPI,recession-core-v1,9c7ffa3238b7fc8493ff760448358f55df6a1cf4c365f4c755ae305f8c5cc7c8,canonical available_at and publication/revision <= regional eligible EOD,content-bound reviewed Admission required; no automatic provider tier,UNKNOWN; never healthy; no backward fill
