name,horizon,reference_execution,economic_adjustment,currency_basis,target_end_rule,formula,status
return_5d_local,5,O0 -> O5,Foundation economic acquisition cost; split-equivalent units plus entitled unreinvested distributions; gross of transaction costs,native listing currency,"per-horizon maximum of O5 evidence, action audit, revisions, distribution payable timestamps and FX availability; censor separately; wait labels also require O5 under Task7 contract",(exit economic wealth - O0 cost) / O0 cost,software_contract_not_research_admission
return_5d_huf,5,O0 -> O5,Foundation economic acquisition cost; split-equivalent units plus entitled unreinvested distributions; gross of transaction costs,HUF cashflows; execution-date and distribution payable-date FX,"per-horizon maximum of O5 evidence, action audit, revisions, distribution payable timestamps and FX availability; censor separately; wait labels also require O5 under Task7 contract",(exit economic wealth - O0 cost) / O0 cost,software_contract_not_research_admission
direction_5d_local,5,O0 -> O5,Foundation economic acquisition cost; split-equivalent units plus entitled unreinvested distributions; gross of transaction costs,native listing currency,"per-horizon maximum of O5 evidence, action audit, revisions, distribution payable timestamps and FX availability; censor separately; wait labels also require O5 under Task7 contract",strictly positive economic holding return,software_contract_not_research_admission
direction_5d_huf,5,O0 -> O5,Foundation economic acquisition cost; split-equivalent units plus entitled unreinvested distributions; gross of transaction costs,HUF cashflows; execution-date and distribution payable-date FX,"per-horizon maximum of O5 evidence, action audit, revisions, distribution payable timestamps and FX availability; censor separately; wait labels also require O5 under Task7 contract",strictly positive economic holding return,software_contract_not_research_admission
executable_min_return_5d_local,5,O0; wait O0..O4,Foundation economic acquisition cost; split-equivalent units plus entitled unreinvested distributions; gross of transaction costs,native listing currency,"per-horizon maximum of O5 evidence, action audit, revisions, distribution payable timestamps and FX availability; censor separately; wait labels also require O5 under Task7 contract",(minimum wait economic cost - O0 cost) / O0 cost,software_contract_not_research_admission
executable_min_return_5d_huf,5,O0; wait O0..O4,Foundation economic acquisition cost; split-equivalent units plus entitled unreinvested distributions; gross of transaction costs,HUF cashflows; execution-date and distribution payable-date FX,"per-horizon maximum of O5 evidence, action audit, revisions, distribution payable timestamps and FX availability; censor separately; wait labels also require O5 under Task7 contract",(minimum wait economic cost - O0 cost) / O0 cost,software_contract_not_research_admission
better_entry_5d_local,5,O0; wait O0..O4,Foundation economic acquisition cost; split-equivalent units plus entitled unreinvested distributions; gross of transaction costs,native listing currency,"per-horizon maximum of O5 evidence, action audit, revisions, distribution payable timestamps and FX availability; censor separately; wait labels also require O5 under Task7 contract",minimum wait economic cost <= O0 cost * 0.985,software_contract_not_research_admission
better_entry_5d_huf,5,O0; wait O0..O4,Foundation economic acquisition cost; split-equivalent units plus entitled unreinvested distributions; gross of transaction costs,HUF cashflows; execution-date and distribution payable-date FX,"per-horizon maximum of O5 evidence, action audit, revisions, distribution payable timestamps and FX availability; censor separately; wait labels also require O5 under Task7 contract",minimum wait economic cost <= O0 cost * 0.985,software_contract_not_research_admission
return_20d_local,20,O0 -> O20,Foundation economic acquisition cost; split-equivalent units plus entitled unreinvested distributions; gross of transaction costs,native listing currency,"per-horizon maximum of O20 evidence, action audit, revisions, distribution payable timestamps and FX availability; censor separately; wait labels also require O20 under Task7 contract",(exit economic wealth - O0 cost) / O0 cost,software_contract_not_research_admission
return_20d_huf,20,O0 -> O20,Foundation economic acquisition cost; split-equivalent units plus entitled unreinvested distributions; gross of transaction costs,HUF cashflows; execution-date and distribution payable-date FX,"per-horizon maximum of O20 evidence, action audit, revisions, distribution payable timestamps and FX availability; censor separately; wait labels also require O20 under Task7 contract",(exit economic wealth - O0 cost) / O0 cost,software_contract_not_research_admission
direction_20d_local,20,O0 -> O20,Foundation economic acquisition cost; split-equivalent units plus entitled unreinvested distributions; gross of transaction costs,native listing currency,"per-horizon maximum of O20 evidence, action audit, revisions, distribution payable timestamps and FX availability; censor separately; wait labels also require O20 under Task7 contract",strictly positive economic holding return,software_contract_not_research_admission
direction_20d_huf,20,O0 -> O20,Foundation economic acquisition cost; split-equivalent units plus entitled unreinvested distributions; gross of transaction costs,HUF cashflows; execution-date and distribution payable-date FX,"per-horizon maximum of O20 evidence, action audit, revisions, distribution payable timestamps and FX availability; censor separately; wait labels also require O20 under Task7 contract",strictly positive economic holding return,software_contract_not_research_admission
executable_min_return_20d_local,20,O0; wait O0..O19,Foundation economic acquisition cost; split-equivalent units plus entitled unreinvested distributions; gross of transaction costs,native listing currency,"per-horizon maximum of O20 evidence, action audit, revisions, distribution payable timestamps and FX availability; censor separately; wait labels also require O20 under Task7 contract",(minimum wait economic cost - O0 cost) / O0 cost,software_contract_not_research_admission
executable_min_return_20d_huf,20,O0; wait O0..O19,Foundation economic acquisition cost; split-equivalent units plus entitled unreinvested distributions; gross of transaction costs,HUF cashflows; execution-date and distribution payable-date FX,"per-horizon maximum of O20 evidence, action audit, revisions, distribution payable timestamps and FX availability; censor separately; wait labels also require O20 under Task7 contract",(minimum wait economic cost - O0 cost) / O0 cost,software_contract_not_research_admission
better_entry_20d_local,20,O0; wait O0..O19,Foundation economic acquisition cost; split-equivalent units plus entitled unreinvested distributions; gross of transaction costs,native listing currency,"per-horizon maximum of O20 evidence, action audit, revisions, distribution payable timestamps and FX availability; censor separately; wait labels also require O20 under Task7 contract",minimum wait economic cost <= O0 cost * 0.97,software_contract_not_research_admission
better_entry_20d_huf,20,O0; wait O0..O19,Foundation economic acquisition cost; split-equivalent units plus entitled unreinvested distributions; gross of transaction costs,HUF cashflows; execution-date and distribution payable-date FX,"per-horizon maximum of O20 evidence, action audit, revisions, distribution payable timestamps and FX availability; censor separately; wait labels also require O20 under Task7 contract",minimum wait economic cost <= O0 cost * 0.97,software_contract_not_research_admission
return_60d_local,60,O0 -> O60,Foundation economic acquisition cost; split-equivalent units plus entitled unreinvested distributions; gross of transaction costs,native listing currency,"per-horizon maximum of O60 evidence, action audit, revisions, distribution payable timestamps and FX availability; censor separately; wait labels also require O60 under Task7 contract",(exit economic wealth - O0 cost) / O0 cost,software_contract_not_research_admission
return_60d_huf,60,O0 -> O60,Foundation economic acquisition cost; split-equivalent units plus entitled unreinvested distributions; gross of transaction costs,HUF cashflows; execution-date and distribution payable-date FX,"per-horizon maximum of O60 evidence, action audit, revisions, distribution payable timestamps and FX availability; censor separately; wait labels also require O60 under Task7 contract",(exit economic wealth - O0 cost) / O0 cost,software_contract_not_research_admission
direction_60d_local,60,O0 -> O60,Foundation economic acquisition cost; split-equivalent units plus entitled unreinvested distributions; gross of transaction costs,native listing currency,"per-horizon maximum of O60 evidence, action audit, revisions, distribution payable timestamps and FX availability; censor separately; wait labels also require O60 under Task7 contract",strictly positive economic holding return,software_contract_not_research_admission
direction_60d_huf,60,O0 -> O60,Foundation economic acquisition cost; split-equivalent units plus entitled unreinvested distributions; gross of transaction costs,HUF cashflows; execution-date and distribution payable-date FX,"per-horizon maximum of O60 evidence, action audit, revisions, distribution payable timestamps and FX availability; censor separately; wait labels also require O60 under Task7 contract",strictly positive economic holding return,software_contract_not_research_admission
